Grade,Min Price (Rs./Quintal),Max Price (Rs./Quintal),Modal Price (Rs./Quintal),date
Small,5000,7000,6000,2014-01-03
Medium,0,0,10000,2014-01-07
Large,3000,6500,5000,2014-01-08
Large,4000,6500,5500,2014-01-09
Large,3500,6500,5000,2014-01-11
Small,6500,10000,8000,2014-01-12
Small,6500,9000,8000,2014-01-15
Large,3500,10000,7500,2014-01-18
Large,6000,8000,6550,2014-01-19
Large,5200,6600,6000,2014-01-21
Large,8500,10000,9500,2014-01-22
Large,2500,4000,3550,2014-01-23
Large,4000,6500,5500,2014-01-24
Small,5500,9000,6800,2014-01-27
Small,5000,9000,7500,2014-01-28
Large,5000,8000,6600,2014-01-29
Large,5000,8000,7000,2014-01-30
Large,5000,8000,6500,2014-01-31
Large,5000,8500,8000,2014-02-01
Large,4000,7000,5500,2014-02-04
Large,7000,10000,9000,2014-02-05
Large,2500,5500,4200,2014-02-06
Large,4000,8000,6000,2014-02-07
Large,4500,9000,6800,2014-02-11
Large,5000,6000,5500,2014-02-12
Large,3500,6500,5000,2014-02-13
Large,7500,10000,9000,2014-02-17
Large,3600,7500,5800,2014-02-18
Large,5000,7500,6500,2014-02-18
Large,4500,9000,6800,2014-02-20
Small,6000,7500,6300,2014-02-24
Large,3000,5500,4300,2014-02-25
Large,4000,8000,6000,2014-02-27
Large,4000,6500,5300,2014-02-28
Large,3400,6500,5000,2014-03-02
Large,2500,6500,4500,2014-03-03
Large,4000,9000,6500,2014-03-04
Large,4000,9000,6500,2014-03-05
Small,5000,8500,6200,2014-03-06
Large,2500,6000,4500,2014-03-07
Small,6000,9000,7000,2014-03-11
Large,6000,12000,10000,2014-03-13
Large,4000,10000,7000,2014-03-14
Large,7500,10000,9200,2014-03-15
Small,7000,12000,8500,2014-03-16
Large,7000,9000,8000,2014-03-19
Large,4000,9000,6500,2014-03-21
Large,4500,8500,7200,2014-03-22
FAQ,4500,9000,6800,2014-03-23
Large,7500,10000,9000,2014-03-25
Large,4000,11000,8000,2014-03-26
Large,4500,8500,6500,2014-03-27
Large,3500,6500,5000,2014-03-28
Large,4000,9000,6500,2014-03-29
Small,4500,8000,6000,2014-03-30
Large,8500,11000,9500,2014-03-31
Small,4000,8000,7000,2014-04-02
Large,4500,8000,6500,2014-04-03
Large,5000,8000,6500,2014-04-04
Large,4500,6500,5500,2014-04-07
Small,5500,9000,8000,2014-04-09
Large,5000,7500,6500,2014-04-10
Small,7000,9000,7800,2014-04-11
Large,4000,10000,7000,2014-04-16
Large,4000,6500,6000,2014-04-21
Large,5000,7500,6400,2014-04-22
Large,2500,4500,3850,2014-04-23
Large,3500,9000,6300,2014-04-24
Large,4000,6000,5000,2014-04-25
Large,5000,8000,6500,2014-04-29
Small,6500,9000,8000,2014-04-30
Large,4000,9000,6500,2014-05-01
Small,5000,6500,5600,2014-05-02
Small,5000,7000,5600,2014-05-03
Large,4000,6500,6000,2014-05-04
Large,3500,5500,4500,2014-05-06
Large,3500,7000,5300,2014-05-07
Large,2500,6000,4500,2014-05-08
Large,5000,7500,6500,2014-05-09
Large,6500,10000,8400,2014-05-10
Large,8000,11000,9500,2014-05-12
Large,2500,4500,4000,2014-05-13
Large,4000,8000,6200,2014-05-15
Large,4000,8000,6200,2014-05-16
Large,3000,5500,4500,2014-05-21
Large,4000,8500,6500,2014-05-22
Large,9500,13000,12000,2014-05-23
Large,4000,6500,5500,2014-05-26
Large,3000,5000,4500,2014-05-29
Large,3500,6500,5200,2014-05-30
Large,3000,6500,5500,2014-06-02
Large,5000,9000,8500,2014-06-03
Large,7000,10000,8600,2014-06-04
Large,4000,7000,5500,2014-06-05
Small,5000,8000,6500,2014-06-06
Large,4000,9500,6800,2014-06-10
Large,4000,8800,6400,2014-06-12
Large,4000,8000,7500,2014-06-14
Small,4500,8000,6000,2014-06-15
Large,4000,6500,5500,2014-06-16
Small,6000,9500,8500,2014-06-17
Large,6500,9000,7800,2014-06-18
Large,5000,6000,5800,2014-06-19
Large,7000,9000,8000,2014-06-20
Large,2300,5500,4400,2014-06-22
Large,2300,5500,4400,2014-06-23
Large,3500,6500,5000,2014-06-24
Large,5000,9000,7000,2014-06-25
Small,6500,9000,7600,2014-06-26
Small,7500,13000,8500,2014-06-27
Large,3500,8500,6000,2014-07-01
Large,3500,7500,5500,2014-07-02
Large,3400,6400,5000,2014-07-03
Large,4500,8500,6500,2014-07-04
Large,5000,7500,7000,2014-07-05
Large,4000,6500,5300,2014-07-06
Large,3500,5500,4800,2014-07-08
Large,5000,6000,5800,2014-07-10
Large,3200,6500,5000,2014-07-11
Large,4000,8000,6000,2014-07-14
Large,4500,7500,6500,2014-07-15
Large,4000,6500,5300,2014-07-16
Small,5500,9000,8200,2014-07-17
Large,8000,10000,9500,2014-07-18
Small,0,0,6000,2014-07-19
Large,4000,10000,7000,2014-07-20
Large,5500,10000,7500,2014-07-22
Large,4000,8000,6000,2014-07-23
Large,5000,6500,5800,2014-07-24
Small,6000,9000,7500,2014-07-25
Large,8500,11000,10000,2014-07-26
Large,4000,9000,7000,2014-07-27
Large,5000,9000,8000,2014-07-28
Large,3000,5000,4000,2014-07-29
Small,5000,10000,9000,2014-07-30
Large,6500,13000,9500,2014-07-31
Large,4000,9000,8200,2014-08-01
Large,10000,13000,12000,2014-08-02
Small,6500,9500,8000,2014-08-03
Large,4000,6500,5500,2014-08-04
Large,3500,6500,5500,2014-08-05
Large,6000,9000,7500,2014-08-06
Large,7500,10000,8800,2014-08-07
Large,3500,5500,4500,2014-08-08
Large,5000,13000,9000,2014-08-09
Large,10000,13000,12000,2014-08-11
Large,5000,7500,7000,2014-08-12
Large,4000,9000,6500,2014-08-13
Large,3000,6500,5000,2014-08-14
Large,4000,7500,6500,2014-08-19
Large,5500,9500,9000,2014-08-20
Large,4000,6500,5600,2014-08-21
Large,5000,7500,5500,2014-08-25
Small,7000,11000,9000,2014-08-26
Large,6000,8000,7000,2014-08-27
Large,3200,5600,4400,2014-08-28
Large,3000,5500,4600,2014-08-30
Large,4000,9000,6600,2014-08-31
Large,3500,7500,5500,2014-09-01
Large,4500,9500,7000,2014-09-02
Large,5000,9000,7000,2014-09-03
Large,4000,8000,6000,2014-09-04
Large,5000,8500,6750,2014-09-05
Large,4000,9000,6000,2014-09-06
Large,3500,8000,5800,2014-09-07
Large,3500,6000,5000,2014-09-08
Large,4500,8500,6500,2014-09-10
Large,3200,6200,4700,2014-09-11
Large,7500,10000,9000,2014-09-12
Large,4000,8000,6000,2014-09-13
Large,5000,7000,6550,2014-09-16
Large,5000,8500,7000,2014-09-17
Large,4000,9000,6600,2014-09-19
Large,4000,7500,6500,2014-09-20
Large,8000,10000,9000,2014-09-22
Large,3000,5000,4000,2014-09-23
Large,2500,4400,3950,2014-09-24
Large,4000,9000,6500,2014-09-26
Large,3500,5500,4500,2014-09-27
Large,4000,10000,7000,2014-09-28
Large,4000,6500,5500,2014-09-30
Large,4000,9000,6600,2014-10-01
Large,4000,7000,6400,2014-10-02
Large,4000,6500,5300,2014-10-07
Large,4000,10000,7000,2014-10-08
Large,7500,9500,8500,2014-10-09
Large,3500,6500,5000,2014-10-10
Large,2500,6000,4300,2014-10-11
Large,4500,8500,6500,2014-10-13
Large,3500,8000,6300,2014-10-14
Large,8000,11000,10000,2014-10-15
Large,4500,8500,6500,2014-10-16
Large,4500,9000,6800,2014-10-17
Small,5500,9000,6800,2014-10-18
Large,5000,6500,6200,2014-10-19
Large,8000,9000,8500,2014-10-20
Large,5000,10000,7500,2014-10-22
Large,5000,10000,7600,2014-10-27
Large,3500,6500,5000,2014-10-28
Small,5800,8000,6800,2014-10-29
Large,3500,9500,6500,2014-10-30
Large,5000,7500,6500,2014-10-31
Large,3000,5000,4000,2014-11-01
Large,8500,11000,9500,2014-11-02
Large,6500,11000,9200,2014-11-03
Large,5000,10000,7500,2014-11-04
Large,3500,5500,4500,2014-11-05
Large,2500,6000,4300,2014-11-07
Large,4800,9000,6900,2014-11-08
Large,4000,10000,7000,2014-11-09
Large,4000,6500,5500,2014-11-10
Large,3500,8000,6500,2014-11-12
Large,3000,5500,4500,2014-11-13
Large,4500,9500,7000,2014-11-14
Large,4000,8000,6000,2014-11-15
Large,4500,9500,7000,2014-11-16
Large,4500,9500,7000,2014-11-17
Large,3500,7500,5500,2014-11-18
Large,4000,6500,5800,2014-11-19
Large,4000,6500,5300,2014-11-20
Large,4000,7000,6500,2014-11-21
Small,7000,10000,8000,2014-11-22
Large,3500,6000,4800,2014-11-23
Large,4000,11000,8500,2014-11-24
Large,4000,8500,7500,2014-11-26
Large,8000,9500,8600,2014-11-27
Large,3500,6500,5000,2014-11-28
Large,4000,8000,6000,2014-12-01
Large,3500,7500,5600,2014-12-02
Large,4000,8000,6000,2014-12-04
Large,4000,8000,6000,2014-12-05
Large,4500,9000,6800,2014-12-08
Large,3500,6500,5000,2014-12-09
Large,4000,6500,5600,2014-12-10
Large,5500,8500,7500,2014-12-11
Large,7000,8000,7500,2014-12-12
Large,4000,9000,6500,2014-12-16
Large,9500,13500,12000,2014-12-17
Small,0,0,9000,2014-12-18
Large,5000,10000,7500,2014-12-19
Large,4000,8500,6300,2014-12-20
Large,4500,7500,6000,2014-12-21
Large,5000,7500,7000,2014-12-22
Large,4000,6500,6000,2014-12-23
Large,3600,6000,4800,2014-12-24
Large,4500,9000,6750,2014-12-25
Large,5000,10000,7500,2014-12-26
Large,4000,6000,5000,2014-12-28
Large,5000,10000,7500,2014-12-29
Large,8000,10000,9000,2014-12-30
Large,3000,6000,4500,2014-12-31
Large,2300,5200,4400,2015-01-01
Large,4000,9500,8500,2015-01-02
Large,4000,7000,6000,2015-01-03
Large,4000,9000,6500,2015-01-04
Large,4000,8000,6200,2015-01-06
Large,5000,10000,7500,2015-01-07
Large,3500,5500,4500,2015-01-08
Large,4500,9500,7000,2015-01-09
Large,4000,6500,6000,2015-01-10
Large,3000,7000,5000,2015-01-11
Small,6000,9000,8000,2015-01-13
Large,4000,9000,8200,2015-01-14
Large,4000,10000,7000,2015-01-16
Large,4000,6500,5300,2015-01-18
Large,4000,6000,5000,2015-01-20
Large,4500,10000,7300,2015-01-21
Large,7500,10000,9500,2015-01-22
Large,3000,5500,4500,2015-01-24
Large,3200,6000,4600,2015-01-25
Large,4500,7500,6500,2015-01-27
Small,4000,8000,6000,2015-01-28
Large,4500,6500,5500,2015-01-29
Large,6500,9500,8000,2015-01-30
Small,4000,8000,5000,2015-01-31
Large,4000,6500,6100,2015-02-01
Large,5000,7500,6500,2015-02-02
Large,4500,7500,6500,2015-02-04
Large,4000,6500,6000,2015-02-05
Small,6500,9000,8000,2015-02-06
Large,4000,10500,7250,2015-02-08
Large,3500,6000,5500,2015-02-09
Large,4000,9000,6500,2015-02-10
Large,7500,10000,9500,2015-02-11
Large,3000,6500,5000,2015-02-12
Large,4000,9000,6500,2015-02-13
Large,5000,9000,7500,2015-02-14
Large,4000,6500,5300,2015-02-15
Large,4500,7500,6000,2015-02-16
Large,5000,7500,6500,2015-02-17
Large,4000,7500,5800,2015-02-18
Large,7000,11000,9600,2015-02-19
Large,4500,9000,6800,2015-02-21
Large,4000,6500,5300,2015-02-22
Large,3200,5800,4500,2015-02-23
Small,4500,6500,5300,2015-02-24
Large,4500,9500,7000,2015-02-25
Large,4500,8000,6300,2015-02-26
Large,4000,9000,6500,2015-02-27
Large,4000,6500,4300,2015-02-28
Small,6500,8500,7000,2015-03-01
Large,4500,10000,7300,2015-03-03
Large,4000,8000,6200,2015-03-09
Large,4000,7500,7000,2015-03-11
Small,6500,9000,8500,2015-03-12
Small,5000,7000,5700,2015-03-14
Large,2500,6000,4500,2015-03-15
Large,5000,8000,6500,2015-03-16
Large,3000,6000,4500,2015-03-17
Large,4000,7000,6500,2015-03-18
Large,7500,11000,9400,2015-03-19
Large,3000,7000,5000,2015-03-20
Large,3800,8000,5900,2015-03-22
Large,2500,6000,4500,2015-03-23
Large,8000,11500,9800,2015-03-24
Large,3000,6500,5000,2015-03-25
Large,7500,10000,9000,2015-03-26
Large,4000,10000,7000,2015-03-27
Large,4000,10000,7000,2015-03-30
Large,6000,10000,8400,2015-03-31
Large,4000,6500,5500,2015-04-01
Large,4000,8000,6000,2015-04-03
Large,5000,11000,8000,2015-04-05
Large,3000,5500,4500,2015-04-06
Small,5000,8500,7500,2015-04-07
Large,4000,9000,6500,2015-04-08
Large,4000,6000,5000,2015-04-09
Large,5500,10000,9200,2015-05-26
Large,4500,9500,7000,2015-05-27
Large,2500,4400,3900,2015-05-28
Large,3500,7000,5300,2015-05-29
Large,4000,6500,5800,2015-05-30
Large,4000,6500,6000,2015-05-31
Large,4000,8500,7500,2015-06-01
Large,5000,9000,7000,2015-06-03
Large,3000,6500,5000,2015-06-05
Large,3400,5200,4300,2015-06-06
Large,4000,8000,6000,2015-06-07
Large,7500,11000,9600,2015-06-08
Large,6000,10000,8500,2015-06-09
Large,6800,9200,8000,2015-06-10
Small,5000,9000,8200,2015-06-11
Large,7000,9500,8300,2015-06-12
Large,7500,13000,11000,2015-06-13
Large,4000,6500,6000,2015-06-15
Large,4000,8500,6300,2015-06-16
Large,8000,11000,9400,2015-06-17
Large,3200,6400,4800,2015-06-18
Large,8000,9500,8800,2015-06-19
Large,3500,7000,6000,2015-06-20
Large,7500,9500,8600,2015-06-21
Large,3000,6000,4500,2015-06-22
Small,6500,9500,8000,2015-06-23
Large,3500,9000,6300,2015-06-24
Large,4000,8000,6200,2015-06-25
Large,4500,9500,7000,2015-06-25
Large,5500,10000,8400,2015-06-26
Large,4000,9000,6500,2015-06-27
Large,4500,8000,6500,2015-06-28
Large,4000,8000,6000,2015-06-29
Large,4000,8000,6000,2015-06-30
Large,7000,10000,9000,2015-07-02
Large,4000,6500,5500,2015-07-03
Large,4200,8600,6400,2015-07-04
Large,4000,8000,6000,2015-07-05
Large,9500,13500,12000,2015-07-06
Small,6500,9000,8000,2015-07-07
Large,5000,11000,8500,2015-07-08
Large,4000,7500,6000,2015-07-09
Large,5000,7000,5500,2015-07-10
Large,4500,9000,6800,2015-07-11
Large,4000,10000,7000,2015-07-12
Large,3200,6000,4600,2015-07-13
Large,4000,8000,6200,2015-07-14
Small,6500,9500,8500,2015-07-14
Large,4000,7000,6200,2015-07-15
Small,5000,7000,7000,2015-07-16
Large,4000,8000,6000,2015-07-17
Large,7000,9000,8200,2015-07-18
Large,4000,6500,5800,2015-07-19
Small,5500,8500,7000,2015-07-20
Small,6000,7500,6800,2015-07-21
Large,4000,7500,6500,2015-07-22
Large,3800,8500,6200,2015-07-23
Large,9000,12000,11000,2015-07-24
Large,4000,9000,6500,2015-07-30
Large,4000,8000,6000,2015-08-01
Large,5000,7000,6500,2015-08-03
Large,3000,5500,4500,2015-08-04
Small,6000,7500,6500,2015-08-05
Large,4000,6500,6200,2015-08-06
Large,3200,6500,4850,2015-08-07
Large,4000,7000,5500,2015-08-08
Large,4000,6500,5300,2015-08-09
Large,4500,9500,7000,2015-08-10
Large,5500,10000,8500,2015-08-11
Large,4000,8500,6300,2015-08-12
Large,5000,7500,6400,2015-08-13
Large,3500,6800,5150,2015-08-14
Large,4000,6500,5300,2015-08-15
Large,4000,9000,6500,2015-08-16
Large,2500,6000,4300,2015-08-17
Large,3500,6500,5500,2015-08-18
Large,4000,6500,5300,2015-08-19
Large,3500,6000,5000,2015-08-20
Large,4500,8000,6300,2015-08-24
Large,4000,6500,5500,2015-08-25
Large,4200,10000,7200,2015-08-26
Large,9000,12000,10500,2015-08-27
Large,4500,8500,6500,2015-08-28
Large,3200,7000,5100,2015-08-30
Large,4000,6500,5300,2015-08-31
Large,4000,9000,6500,2015-09-01
Large,4000,10000,7500,2015-09-02
Large,4500,8000,6300,2015-09-03
Large,5000,8500,7000,2015-09-04
Large,4000,6500,6000,2015-09-05
Large,7500,10000,9500,2015-09-06
Large,3000,6000,4500,2015-09-08
Large,4000,7500,5800,2015-09-09
Large,3000,6000,5500,2015-09-10
Large,3000,6000,4500,2015-09-11
Large,4000,6500,6000,2015-09-12
Large,4000,9000,6500,2015-09-13
Large,3000,6500,4500,2015-09-14
Large,4000,8500,6300,2015-09-15
Large,4000,8000,6000,2015-09-16
Small,3800,4600,4000,2015-09-17
Large,4000,6500,6000,2015-09-18
Large,4500,9000,6800,2015-09-19
Large,5500,9500,8400,2015-09-20
Large,2500,4500,4000,2015-09-23
Large,5000,9000,7000,2015-09-24
Large,3500,6000,4800,2015-09-25
Large,6000,10000,8200,2015-09-26
Large,3800,7600,5700,2015-09-27
Small,5000,8000,5800,2015-09-28
Large,4000,8000,6000,2015-09-29
Large,3200,6000,4600,2015-09-30
Large,4500,8500,6500,2015-10-01
Large,4500,8000,6250,2015-10-02
Large,6000,10000,8000,2015-10-03
Large,3500,7500,5500,2015-10-04
Large,5000,9000,7000,2015-10-05
Large,4000,6000,5500,2015-10-06
Small,6500,10000,8500,2015-10-07
Large,4500,10000,7300,2015-10-08
Large,5000,8000,6500,2015-10-09
Large,3500,7500,5500,2015-10-10
Large,4000,9000,6500,2015-10-11
Large,8000,10000,9000,2015-10-12
Large,4500,7500,6000,2015-10-13
Large,5000,9000,7000,2015-10-14
Large,3000,5000,4000,2015-10-15
Large,4500,8500,6500,2015-10-16
Large,5500,10000,8500,2015-10-17
Large,8000,13500,11500,2015-10-18
Large,9000,12000,10500,2015-10-19
Large,4000,6000,5000,2015-10-20
Large,3500,5500,4600,2015-10-21
Large,4000,6500,6000,2015-10-22
Large,4000,9000,6500,2015-10-23
Large,4500,7000,6200,2015-10-24
Large,4000,6500,5500,2015-10-25
Large,4000,10000,7000,2015-10-26
Large,4000,9500,6800,2015-10-28
Large,7000,9000,8000,2015-11-02
Large,6000,7000,6500,2015-11-03
Large,4000,9000,6500,2015-11-04
Large,3000,6500,4800,2015-11-05
Large,6500,10000,8500,2015-11-06
Large,3500,6000,4800,2015-11-07
Small,7000,8000,7800,2015-11-09
Large,3500,8000,6200,2015-11-10
Small,6500,9000,7800,2015-11-11
Large,2500,6500,4500,2015-11-13
Large,4000,10000,7000,2015-11-14
Large,3500,5500,4500,2015-11-15
Large,4000,8000,6000,2015-11-16
Large,4000,6000,5000,2015-11-17
Large,5500,8000,7000,2015-11-18
Small,8000,11000,9500,2015-11-19
Large,4500,10000,7300,2015-11-20
Small,5000,8000,6200,2015-11-21
Small,4500,7500,5500,2015-11-23
Large,3000,6500,5200,2015-11-26
Large,5000,7500,7000,2015-11-27
Small,6500,10000,8500,2015-11-28
Small,5000,8000,7000,2015-11-29
Large,4000,9000,6500,2015-11-30
Large,10000,13000,12000,2015-12-01
Large,4000,9000,6500,2015-12-02
Large,5200,9000,7100,2015-12-03
Large,6500,10000,8500,2015-12-04
Large,4000,11000,7500,2015-12-05
Large,4000,7000,5500,2015-12-06
Small,5500,9000,6500,2015-12-08
Large,9500,12000,11500,2015-12-09
Large,5000,8500,6800,2015-12-10
Large,5000,11000,8000,2015-12-11
Large,4000,7000,6200,2015-12-12
Large,3500,6000,4800,2015-12-13
Large,2500,4500,3700,2015-12-15
Large,3200,7000,5100,2015-12-16
Large,4000,9000,6500,2015-12-17
Large,4000,9500,8000,2015-12-18
Large,4000,10000,7000,2015-12-19
Large,3000,5500,4600,2015-12-20
Large,8500,11000,9500,2015-12-22
Small,7000,11000,9000,2015-12-24
Large,8000,11000,9500,2015-12-26
Small,8000,11000,9500,2015-12-27
Small,5500,9000,6500,2015-12-28
Large,3000,5000,4000,2015-12-29
Small,7000,11000,9500,2015-12-30
Large,3500,9500,6500,2015-12-31
Large,4500,7500,6000,2016-01-01
Large,3500,6500,5000,2016-01-03
Large,5000,8000,7000,2016-01-04
Large,4000,9500,8500,2016-01-06
Large,4000,9000,6500,2016-01-07
Large,4000,7000,6000,2016-01-08
Large,7500,10000,9000,2016-01-12
Large,4000,6500,6200,2016-01-13
Large,8000,10000,9000,2016-01-14
Large,4000,6000,5000,2016-01-15
Large,4000,10000,7000,2016-01-16
Large,6000,10000,8000,2016-01-17
Small,7000,11000,9000,2016-01-18
Large,4000,7500,5800,2016-01-19
Large,4500,6500,5500,2016-01-20
Large,3000,7000,5000,2016-01-21
Large,4000,6000,5500,2016-01-22
Large,5000,10000,7500,2016-01-24
Large,4500,6500,5500,2016-01-25
Large,5000,7500,7000,2016-01-26
Large,5000,9000,7000,2016-01-27
Large,3500,6000,4800,2016-01-28
Large,4500,6500,5500,2016-01-29
Large,5000,9000,7000,2016-01-30
Large,4000,6500,6200,2016-01-31
Large,4000,7000,5500,2016-02-01
Large,4500,9500,7000,2016-02-02
Large,4000,7500,5750,2016-02-02
Large,3500,7000,5300,2016-02-03
Large,5000,7500,6500,2016-02-04
Large,8500,12000,10500,2016-02-05
Large,4500,9000,6800,2016-02-06
Large,4000,6500,5600,2016-02-07
Large,6500,11000,9500,2016-02-09
Large,3000,6000,4500,2016-02-10
Large,5500,9500,8200,2016-02-11
Large,4000,7500,5800,2016-02-12
Large,5000,6500,6000,2016-02-14
Large,4500,8000,6300,2016-02-15
Large,7500,10000,9000,2016-02-16
Large,3500,6500,5200,2016-02-17
Large,4500,8500,6500,2016-02-19
Large,4400,9000,6700,2016-02-20
Large,5000,9000,7000,2016-02-21
Large,6000,9000,8000,2016-02-24
Large,5200,8000,6800,2016-02-25
Large,5000,8500,7600,2016-02-26
Large,3000,12000,7500,2016-02-27
Large,4500,8000,6250,2016-02-28
Large,4200,9500,6900,2016-03-01
Large,3500,6500,5500,2016-03-02
Small,6000,11000,9000,2016-03-03
Large,8500,11000,9500,2016-03-04
Large,3500,5000,4500,2016-03-05
Large,4000,6500,6000,2016-03-06
Large,9500,12000,11000,2016-03-07
Large,4500,6500,6000,2016-03-08
Large,6000,10000,8500,2016-03-09
Large,4000,6500,5600,2016-03-11
Small,4000,6500,5800,2016-03-12
Large,5000,10000,7500,2016-03-13
Large,2600,4200,3650,2016-03-15
Large,5000,12000,9000,2016-03-16
Small,6500,10000,8400,2016-03-19
Large,4500,10000,7300,2016-03-20
Large,3500,7000,5300,2016-03-21
Large,4000,6500,5500,2016-03-22
Large,1700,2200,2000,2016-03-23
Large,4500,7500,6400,2016-03-26
Large,6000,10000,9000,2016-03-28
Large,7500,11000,9600,2016-03-29
Small,4500,7000,5000,2016-04-01
Large,6000,11000,9000,2016-04-05
Large,4000,8000,6000,2016-04-06
Large,5000,6000,5800,2016-04-07
Large,4000,8000,6000,2016-04-10
Large,4300,7000,5600,2016-04-11
Large,5000,7500,6500,2016-04-12
Large,3000,6200,4600,2016-04-14
Large,4500,8500,6500,2016-04-15
Large,3500,6500,5000,2016-04-16
Small,4500,6500,0,2016-04-17
Large,6000,10000,8200,2016-04-18
Large,4000,10000,7000,2016-04-19
Large,3000,5600,4300,2016-04-20
Large,4000,7000,5500,2016-04-21
Small,5000,7000,6000,2016-04-23
Large,3500,7000,5300,2016-04-24
Large,4000,10000,7500,2016-04-25
Large,5000,7500,6500,2016-04-26
Large,5500,10000,8600,2016-04-27
Large,5000,6500,6000,2016-04-28
Large,5200,8400,6800,2016-04-29
Large,4000,6500,5600,2016-04-30
Large,4000,6500,5300,2016-05-01
Large,4500,8500,6500,2016-05-03
Large,8000,11000,9600,2016-05-04
Large,4000,8000,6000,2016-05-05
Large,5000,9000,7000,2016-05-06
Large,6500,11000,9500,2016-05-07
Large,4000,6500,6000,2016-05-08
Large,3200,6000,4600,2016-05-09
Large,3000,5000,4200,2016-05-10
Large,3000,11000,8000,2016-05-11
Large,3500,7500,5500,2016-05-12
Large,4000,8000,6200,2016-05-13
Large,3500,7500,5500,2016-05-14
Large,4000,6500,5300,2016-05-15
Large,3500,7500,5500,2016-05-17
Large,3000,6000,4500,2016-05-18
Large,5000,7000,6500,2016-05-19
Large,4200,8400,6300,2016-05-20
Medium,0,0,9500,2016-05-22
Large,7000,10000,9000,2016-05-23
Large,4000,6500,5500,2016-05-24
Small,6500,9500,8000,2016-05-25
Large,4000,9000,6500,2016-05-26
Large,5000,7000,6000,2016-05-27
Large,3200,5800,4500,2016-05-28
Large,3500,6000,5000,2016-05-30
Large,4000,6000,5200,2016-05-31
Large,4000,8000,6200,2016-06-01
Large,6500,10000,8600,2016-06-03
Large,4000,9000,6500,2016-06-04
Large,5000,7000,6000,2016-06-05
Large,4000,9000,8200,2016-06-06
Large,5000,10000,8000,2016-06-07
Large,4500,6500,5500,2016-06-08
Large,4000,6500,5300,2016-06-09
Large,3500,6500,5000,2016-06-10
Large,4000,8000,6000,2016-06-11
Large,3000,7000,5000,2016-06-12
Large,4000,9000,6500,2016-06-13
Large,2500,6500,4500,2016-06-14
Small,7000,8000,7600,2016-06-15
Large,2800,5500,4200,2016-06-16
Large,5000,11000,8000,2016-06-18
Large,5000,7500,6500,2016-06-19
Large,9500,13000,12500,2016-06-22
Large,7000,9000,8000,2016-06-23
Large,8000,13000,11000,2016-06-24
Large,5000,7500,5500,2016-06-25
Large,3000,6500,5000,2016-06-26
Large,4000,7000,5500,2016-06-27
Large,4000,9500,8500,2016-06-28
Large,6500,13000,9800,2016-06-29
Large,7500,11000,9600,2016-06-30
Large,4000,10000,7000,2016-07-01
Large,3000,5000,4000,2016-07-02
Large,9500,13500,12500,2016-07-03
Small,5000,9000,8000,2016-07-04
Large,2500,4400,3950,2016-07-05
Large,8000,11000,9500,2016-07-06
Large,3000,9000,6000,2016-07-07
Large,3000,7000,5500,2016-07-08
Small,5500,9000,7800,2016-07-13
Large,3800,8000,5900,2016-07-14
Large,2500,6000,4300,2016-07-15
Large,4000,6500,6200,2016-07-18
Large,7500,10000,9000,2016-07-20
Small,4500,7000,6000,2016-07-23
Large,5000,7000,6000,2016-07-24
Large,6500,12000,9500,2016-07-25
Large,3000,9000,6000,2016-07-26
Large,4000,6500,6200,2016-07-27
Large,4500,6500,5500,2016-07-28
Large,4000,7500,7000,2016-07-31
Large,4500,9000,6800,2016-08-02
Large,4000,10000,7000,2016-08-03
Small,5500,9500,8000,2016-08-04
Large,4500,8500,6500,2016-08-05
Large,4000,9000,6800,2016-08-06
Small,4500,8000,6000,2016-08-07
Large,5000,8000,6500,2016-08-08
Large,8000,9000,8500,2016-08-09
Large,4000,8500,8200,2016-08-10
Large,4000,7000,6600,2016-08-11
Small,6500,10000,8500,2016-08-12
Large,4500,7500,6000,2016-08-19
Small,4500,8000,6000,2016-08-26
Large,5000,9000,7000,2016-08-29
Large,4000,8500,6300,2016-08-30
Large,5000,7500,6500,2016-08-31
Large,3500,6500,5000,2016-09-01
Large,5000,7000,5500,2016-09-03
Large,7000,9000,8000,2016-09-05
Large,4000,6500,4600,2016-09-06
Large,3500,5500,4700,2016-09-08
Large,3600,7800,5700,2016-09-09
Large,4000,7000,6000,2016-09-12
Small,8000,13000,9000,2016-09-13
Large,4000,9000,6600,2016-09-14
Large,3000,5500,4500,2016-09-15
Large,3500,6200,4700,2016-09-17
Large,3500,6000,4750,2016-09-18
Large,4000,7000,6200,2016-09-19
Large,4500,6500,5600,2016-09-20
Large,3500,5500,4500,2016-09-22
Small,5500,9000,8000,2016-09-24
Large,2800,6200,4500,2016-09-26
Large,4000,8000,6000,2016-09-27
Large,5000,9000,7000,2016-09-28
Large,5000,7500,6500,2016-09-29
Large,2500,5500,4000,2016-09-30
Large,3000,5500,4300,2016-10-01
Large,4000,5000,4500,2016-10-02
Large,5000,7500,6500,2016-10-03
Large,5000,10000,7500,2016-10-04
Large,4000,8000,6000,2016-10-05
Large,4500,8500,6500,2016-10-06
Large,9000,12000,10500,2016-10-07
Large,3000,6000,4500,2016-10-08
Large,3500,9000,6250,2016-10-09
Large,3500,10000,6800,2016-10-10
Small,5500,8000,7200,2016-10-11
Small,7000,9000,7800,2016-10-13
Large,6000,12000,10000,2016-10-14
Large,4000,10000,7000,2016-10-15
Large,3000,9000,6000,2016-10-17
Large,6000,10000,8000,2016-10-18
Small,7000,12000,8000,2016-10-19
Large,4000,8000,6000,2016-10-20
Large,4000,9000,6500,2016-10-21
Large,5000,7000,6000,2016-10-22
Large,5000,9000,7000,2016-10-23
Large,3500,6000,5000,2016-10-24
Small,8000,11000,9000,2016-10-25
Large,8500,11000,9600,2016-10-26
Large,5000,6000,5800,2016-10-27
Large,4000,6500,6000,2016-10-28
Large,3000,7000,5000,2016-10-29
Large,3000,10000,5000,2016-11-02
Large,5000,10000,8000,2016-11-03
Small,7000,10000,8500,2016-11-04
Small,5500,8500,6500,2016-11-05
Large,2500,6000,4500,2016-11-07
Large,4000,7000,5000,2016-11-08
Large,5500,9500,7500,2016-11-09
Large,7500,11000,9500,2016-11-10
Large,4000,9000,6500,2016-11-11
Large,4000,6500,5300,2016-11-12
Small,8000,11000,9000,2016-11-15
Large,3000,5800,4400,2016-11-16
Large,3500,7000,5250,2016-11-17
Large,5000,6000,5500,2016-11-18
Small,8000,14000,9000,2016-11-19
Large,2300,5500,4400,2016-11-20
Large,7000,10000,8500,2016-11-22
Large,3000,6000,4500,2016-11-23
Large,8000,9000,8500,2016-11-24
Large,3000,5500,4500,2016-11-26
Large,3000,6000,4500,2016-11-28
Large,7000,9500,8500,2016-11-29
Large,2300,5500,4400,2016-12-01
Large,4500,9000,6800,2016-12-02
Small,5000,8500,6500,2016-12-03
Large,5000,7500,6300,2016-12-04
Large,6500,9000,7800,2016-12-05
Large,7500,10000,8800,2016-12-06
Large,3500,7000,5300,2016-12-07
Large,5000,11000,8000,2016-12-09
Small,5000,9000,8000,2016-12-11
Large,6500,9000,8200,2016-12-14
Large,4500,8000,6250,2016-12-15
Large,5000,7500,6500,2016-12-16
Small,5500,9000,8000,2016-12-17
Large,4000,6500,6200,2016-12-19
Large,4000,10000,7000,2016-12-20
Large,2200,5000,4150,2016-12-21
Large,7000,9200,8100,2016-12-23
Large,5000,8000,7500,2016-12-24
Large,3500,9000,6600,2016-12-25
Large,8000,9000,8500,2016-12-26
Large,3500,5800,4650,2016-12-27
Large,7000,9000,8000,2016-12-28
Large,2500,6000,4300,2016-12-29
Large,4000,6000,4500,2016-12-30
Large,4000,10000,7000,2016-12-31
Large,5000,10000,7500,2017-01-01
Large,4000,6500,5300,2017-01-02
Large,3500,7500,5500,2017-01-03
Large,3500,6500,5200,2017-01-04
Large,4000,8000,6000,2017-01-05
Large,4000,6500,5500,2017-01-06
Large,5500,9500,8000,2017-01-07
Large,2500,5500,4000,2017-01-08
Large,4500,6500,5600,2017-01-09
Large,8000,8500,8200,2017-01-10
Large,6000,10000,8000,2017-01-11
Large,4000,9000,6500,2017-01-13
Large,4000,6500,6000,2017-01-14
Large,3000,7500,5500,2017-01-15
Large,4000,10000,7000,2017-01-16
Large,3500,6500,5200,2017-01-17
Large,4500,7500,7000,2017-01-18
Large,4000,8000,6000,2017-01-19
Large,3500,7500,5500,2017-01-20
Large,3000,6000,4500,2017-01-21
Small,6000,11000,9500,2017-01-22
Small,7000,9000,8500,2017-01-23
Large,4000,9000,6500,2017-01-24
Large,4000,9000,6800,2017-01-25
Large,5000,6500,6000,2017-01-28
Large,4000,9000,6500,2017-01-29
Large,4000,9000,6500,2017-01-30
Large,4000,7000,6000,2017-01-31
Large,4500,9000,6800,2017-02-01
Large,3000,5500,4500,2017-02-02
Large,6500,9000,8000,2017-02-03
Large,3500,7500,5500,2017-02-04
Large,7000,9500,8500,2017-02-05
Large,4000,8000,6000,2017-02-06
Small,5500,11000,9000,2017-02-08
Small,6500,10000,8500,2017-02-09
Large,9000,12000,11000,2017-02-11
Large,5500,10000,8000,2017-02-12
Large,4500,8500,6500,2017-02-13
Large,4000,8000,6000,2017-02-14
Large,2800,5200,4500,2017-02-15
Large,3000,6000,4500,2017-02-16
Large,3000,7000,5000,2017-02-17
Large,4200,9000,6600,2017-02-19
Small,6500,11000,9500,2017-02-20
Large,5500,10000,9000,2017-02-21
Large,4000,9000,6500,2017-02-22
Medium,10000,0,0,2017-02-23
Large,4500,6500,6000,2017-02-24
Small,5000,8000,6500,2017-02-25
Small,3500,5500,4800,2017-02-26
Small,4500,8000,6000,2017-02-27
Large,5500,12000,8800,2017-02-28
Large,5500,9500,7400,2017-03-01
Large,4000,8500,6250,2017-03-02
Small,4000,8000,6000,2017-03-03
Large,4000,8200,6500,2017-03-04
Large,4000,10000,7000,2017-03-06
Large,4000,9000,8500,2017-03-07
Large,5000,9000,7000,2017-03-08
Small,4500,8000,6200,2017-03-10
Large,2300,5500,4400,2017-03-11
Large,4000,6500,6000,2017-03-14
Large,4000,9000,6500,2017-03-15
Large,2500,4500,4000,2017-03-16
Large,2500,5000,4500,2017-03-17
Large,3000,6000,4500,2017-03-18
Large,4200,7000,6000,2017-03-19
Large,7500,10500,9500,2017-03-20
Large,4000,6500,6200,2017-03-21
Small,5000,9000,8000,2017-03-22
Large,4000,6500,5500,2017-03-23
Small,7500,11000,9500,2017-03-24
Large,4500,9000,6800,2017-03-25
Large,9500,12000,11000,2017-03-26
Large,4000,9000,6500,2017-03-27
Large,3500,8000,5800,2017-03-28
Large,5000,10000,8500,2017-03-30
Large,5000,10000,7500,2017-03-31
Large,6500,9200,8500,2017-04-01
Large,4500,8500,6500,2017-04-02
Large,4500,6500,5800,2017-04-03
Large,4000,7600,5800,2017-04-04
Large,7500,10000,8800,2017-04-05
Large,4500,8000,7000,2017-04-06
Large,4500,6500,5600,2017-04-07
Small,6000,9000,8000,2017-04-08
Large,2500,5000,4400,2017-04-09
Large,4000,6500,5500,2017-04-12
Large,3000,6000,4500,2017-04-13
Large,4000,8500,6300,2017-04-14
Large,3000,6500,5000,2017-04-15
Large,3500,6500,5000,2017-04-16
Large,4000,9000,6500,2017-04-17
Large,3500,6500,6000,2017-04-18
Large,4000,10000,7000,2017-04-19
Large,4000,6500,6000,2017-04-20
Large,5000,7500,6500,2017-04-21
Small,6500,10000,8000,2017-04-22
Large,3500,5000,4500,2017-04-24
Large,4500,8500,6500,2017-04-25
Large,3000,7000,5000,2017-04-26
Large,3500,7500,6500,2017-04-27
Large,4500,9000,6800,2017-04-28
Large,3500,6500,5300,2017-04-29
Large,4000,9000,6500,2017-04-30
Large,4400,8500,6450,2017-05-01
Large,4200,10000,7100,2017-05-02
Large,3000,6000,4500,2017-05-03
Large,5000,6000,5500,2017-05-05
Large,6500,11000,9200,2017-05-06
Large,3500,8000,5800,2017-05-07
Large,3600,8200,6400,2017-05-08
Large,4000,9000,6500,2017-05-09
Large,5500,11500,8500,2017-05-11
Large,2600,4600,4000,2017-05-14
Large,2500,4500,4000,2017-05-15
Large,3500,6500,5000,2017-05-16
Large,5000,9000,7000,2017-05-17
Large,5000,9000,7000,2017-05-18
Large,4500,8500,6600,2017-05-19
Large,4000,6500,5500,2017-05-20
Large,4000,8000,6000,2017-05-22
Large,4500,8500,6500,2017-05-23
Large,3200,6000,4600,2017-05-24
Small,7500,12000,8000,2017-05-25
Large,4000,10000,7000,2017-05-26
Small,6000,9000,8200,2017-05-27
Large,4000,6500,6000,2017-05-28
Large,4000,8500,6300,2017-05-29
Large,3500,8000,5800,2017-05-30
Large,5000,13000,9000,2017-05-31
Small,8000,11000,9200,2017-06-01
Small,6500,10000,8000,2017-06-02
Large,3200,6000,4600,2017-06-03
Large,3000,5800,4400,2017-06-04
Large,4500,6000,5500,2017-06-05
Large,5500,11000,9500,2017-06-06
Large,4000,9500,8500,2017-06-07
Large,4500,8500,6500,2017-06-08
Large,5000,8500,6800,2017-06-11
Large,4000,6500,5500,2017-06-12
Large,5000,9000,7200,2017-06-14
Large,5000,7000,6500,2017-06-16
Large,3000,6500,4800,2017-06-17
Large,5000,7500,6550,2017-06-19
Small,8000,11000,9500,2017-06-20
Large,4000,10000,7000,2017-06-21
Large,4000,6000,5000,2017-06-22
Large,4500,7500,6000,2017-06-23
Large,3000,6000,4800,2017-06-26
Large,3500,6500,5000,2017-06-27
Large,4000,10000,7000,2017-06-28
Large,3000,5500,4250,2017-06-29
Large,5000,7000,6500,2017-06-30
Large,7500,11000,9500,2017-07-02
Small,4000,6000,5000,2017-07-03
Large,3200,6000,4600,2017-07-04
Large,4500,9500,6500,2017-07-05
Large,5500,9000,7500,2017-07-07
Large,4000,9000,6500,2017-07-08
Large,4500,6500,5500,2017-07-10
Large,6500,11000,8500,2017-07-11
Large,5000,6500,5500,2017-07-12
Large,4000,6500,5500,2017-07-13
Small,8000,14000,10000,2017-07-14
Small,3700,5600,4500,2017-07-15
Large,4500,8000,6300,2017-07-16
Large,4500,9000,6800,2017-07-17
Large,4000,9000,6500,2017-07-18
Large,4500,7000,5800,2017-07-19
Large,4000,7000,5500,2017-07-20
Large,3500,5500,4500,2017-07-22
Small,6500,11000,9000,2017-07-23
Large,6500,10000,8500,2017-07-25
Large,6000,10000,8500,2017-07-26
Large,4500,6000,5300,2017-07-28
Large,6200,10000,8500,2017-07-29
Large,4000,6500,6000,2017-07-31
Large,5000,7500,5500,2017-08-02
Large,4000,8400,6200,2017-08-03
Medium,0,7000,0,2017-08-04
Small,6000,9500,8000,2017-08-05
Large,7500,11000,9500,2017-08-06
Large,4000,9500,8500,2017-08-08
Large,2300,5500,4400,2017-08-09
Large,3500,7000,6000,2017-08-11
Large,4200,8600,6400,2017-08-12
Large,4000,9000,6500,2017-08-13
Large,6500,13000,9500,2017-08-14
Large,4000,7000,6500,2017-08-15
Large,4000,9000,6500,2017-08-17
Large,4000,6500,5300,2017-08-18
Large,5000,9000,7000,2017-08-20
Large,3000,6000,4500,2017-08-21
Large,4800,9000,6900,2017-08-22
Large,4500,7500,6500,2017-08-23
Large,4000,10000,7000,2017-08-25
Small,4500,8500,8000,2017-08-26
Large,4000,9000,8000,2017-08-27
Large,4000,8000,6000,2017-08-28
Large,4000,10000,7000,2017-08-29
Small,4500,6000,4700,2017-08-30
Large,4000,11000,8500,2017-08-31
Large,4000,6500,6000,2017-09-01
Small,5500,8500,6500,2017-09-02
Large,7500,13000,11000,2017-09-03
Large,4000,8000,7000,2017-09-04
Large,6000,12000,10000,2017-09-05
Large,2500,5000,4500,2017-09-07
Large,5000,8000,7000,2017-09-08
Large,8000,10000,9500,2017-09-09
Large,8000,9500,9000,2017-09-10
Large,4500,8500,7400,2017-09-11
Large,4000,6500,6200,2017-09-12
Large,3500,7000,6000,2017-09-15
Large,3500,6500,5000,2017-09-16
Large,5000,14000,9500,2017-09-17
Large,5000,10000,7500,2017-09-18
Small,4000,8000,6000,2017-09-19
Large,7500,10000,9500,2017-09-20
Large,4000,8500,6300,2017-09-22
Small,5000,8000,6000,2017-09-23
Large,4200,9000,6600,2017-09-24
Large,4000,8000,6000,2017-09-25
Large,4000,6500,5300,2017-09-26
Large,4500,7500,6500,2017-09-27
Large,4000,8500,6300,2017-09-28
Small,6500,12000,8000,2017-09-29
Large,4000,7500,6500,2017-09-30
Large,6500,11000,9000,2017-10-01
Large,5500,9500,8500,2017-10-02
Large,3000,6000,4500,2017-10-03
Large,5000,6000,5500,2017-10-04
Large,5000,7500,6500,2017-10-06
Large,4000,9000,6600,2017-10-07
Large,6500,9000,8000,2017-10-08
Large,4000,8400,6200,2017-10-09
Large,4800,7200,6600,2017-10-10
Large,5000,9000,7000,2017-10-11
Large,4500,8500,6500,2017-10-12
Large,4000,8500,6300,2017-10-13
Large,1300,2000,1700,2017-10-14
Large,4000,9000,6500,2017-10-15
Large,5000,8000,6500,2017-10-16
Large,4000,8500,7500,2017-10-17
Large,5000,7500,6500,2017-10-18
Small,4500,8000,6500,2017-10-21
Small,8000,11000,9000,2017-10-22
Large,4000,8000,6000,2017-10-23
Large,4000,6500,5300,2017-10-24
Large,4000,6500,6000,2017-10-25
Large,3000,6500,4800,2017-10-26
Large,5000,7500,6500,2017-10-27
Large,3500,6500,5200,2017-10-28
Large,3000,5500,4300,2017-10-29
Large,3500,5500,4600,2017-10-30
Large,3000,6000,4500,2017-10-31
Large,4000,8000,6000,2017-11-01
Large,3500,8000,5800,2017-11-02
Large,2500,6500,4600,2017-11-05
Large,4500,8500,6500,2017-11-06
Large,5000,11000,8500,2017-11-07
Large,3500,6500,5000,2017-11-08
Large,5000,7000,6500,2017-11-09
Large,4000,8000,6200,2017-11-10
Large,2500,4500,4100,2017-11-11
Large,3000,6000,4500,2017-11-12
Small,7000,11000,9500,2017-11-13
Large,5000,9000,7000,2017-11-14
Large,3500,6500,5200,2017-11-15
Small,5000,8500,8000,2017-11-16
Small,5500,9000,8500,2017-11-17
Large,4500,6500,5500,2017-11-18
Large,4000,10000,7000,2017-11-20
Large,8000,9000,8600,2017-11-21
Large,4500,10000,7300,2017-11-23
Large,4500,8500,6500,2017-11-24
Large,6000,13000,9000,2017-11-25
Large,4000,8000,6000,2017-11-26
Large,4000,8000,6000,2017-11-27
Small,6000,9500,8000,2017-11-28
Large,5000,6500,6000,2017-11-30
Large,4500,10500,7500,2017-12-01
Large,4500,9000,6800,2017-12-04
Large,5000,9000,7000,2017-12-05
Large,3500,9500,6500,2017-12-06
Small,0,0,8000,2017-12-07
Large,4000,9000,6500,2017-12-08
Large,4000,9000,6500,2017-12-09
Large,4500,7000,6000,2017-12-11
Large,4000,7500,6500,2017-12-12
Large,4500,7500,6500,2017-12-13
Large,3500,6500,5200,2017-12-14
Large,4500,7000,6500,2017-12-15
Large,8000,9000,8500,2017-12-16
Large,3000,6500,4800,2017-12-17
Large,8000,9500,9200,2017-12-18
Large,5000,11000,9000,2017-12-19
Large,4000,8000,6000,2017-12-20
Small,5500,9000,8000,2017-12-21
Large,4000,6500,5500,2017-12-23
Small,4500,8000,6500,2017-12-24
Large,2200,4600,3900,2017-12-25
Large,5000,7500,6500,2017-12-26
Small,8000,11000,9000,2017-12-27
Large,7500,10000,9200,2017-12-28
Large,3000,8000,5500,2017-12-30
Large,6500,11000,9000,2017-12-31
Large,4000,6000,5500,2018-01-02
Large,4000,9000,6500,2018-01-03
Large,4000,8000,6000,2018-01-05
Large,7000,9000,8000,2018-01-06
Large,4000,9500,8200,2018-01-07
Large,3200,7000,5100,2018-01-08
Large,5000,8000,7500,2018-01-09
Large,4500,8000,6500,2018-01-10
Large,4000,9000,6600,2018-01-11
Large,5000,7000,6500,2018-01-12
Large,5000,10000,8000,2018-01-13
Large,6000,7500,6500,2018-01-14
Small,4500,8000,6000,2018-01-15
Large,2500,6000,4300,2018-01-16
Large,5000,6000,5500,2018-01-17
Small,4500,8000,6000,2018-01-18
Large,4000,6000,5000,2018-01-19
Large,4000,7000,5500,2018-01-20
Large,4500,8500,6500,2018-01-21
Large,3500,6500,5200,2018-01-22
Large,4000,7000,5500,2018-01-23
Small,5000,7000,5300,2018-01-24
Large,2700,4500,4300,2018-01-25
Large,4200,8400,6300,2018-01-26
Large,3500,6000,4800,2018-01-27
Large,4000,6500,5500,2018-01-28
Small,5500,8000,6500,2018-01-30
Small,5000,8500,6000,2018-02-01
Large,4000,6500,5500,2018-02-02
Large,5000,9000,7000,2018-02-03
Large,5000,7500,7000,2018-02-04
Large,3500,6500,5000,2018-02-05
Small,6000,9500,7000,2018-02-06
Large,4000,7500,6500,2018-02-07
Large,4000,7000,5800,2018-02-08
Large,7500,11000,9800,2018-02-10
Large,4000,8400,6200,2018-02-11
Large,5000,8000,7500,2018-02-12
Large,5000,8000,6000,2018-02-13
Large,3000,5500,4300,2018-02-14
Large,4000,6500,5500,2018-02-15
Small,4500,6500,5800,2018-02-16
Large,4500,9000,6800,2018-02-17
Large,3000,6500,4800,2018-02-18
Large,4000,6500,5300,2018-02-19
Large,5000,6500,6000,2018-02-20
Large,4400,8000,6200,2018-02-21
Large,4000,7000,5500,2018-02-22
Large,7500,11000,9400,2018-02-23
Large,4000,9000,6500,2018-02-24
Large,4500,6500,5300,2018-02-25
Large,4500,6500,5500,2018-02-26
Large,5000,7500,6500,2018-02-28
Large,4000,6500,5500,2018-03-01
Large,3000,5800,4400,2018-03-03
Small,4500,8000,6200,2018-03-04
Large,4000,10000,7000,2018-03-05
Small,4000,5500,4700,2018-03-06
Large,4000,9000,6500,2018-03-07
Large,4500,7000,6200,2018-03-09
Large,4000,9000,6500,2018-03-10
Large,8000,10000,9500,2018-03-11
Large,4000,9000,6500,2018-03-12
Large,3500,6000,5200,2018-03-13
Large,4000,9000,6500,2018-03-14
Large,3600,6000,4800,2018-03-15
Large,4500,9500,7000,2018-03-16
Large,4500,8500,6500,2018-03-17
Large,3500,5500,5000,2018-03-18
Large,6800,9200,8000,2018-03-20
Large,5000,10000,7500,2018-03-21
Small,5000,8000,6000,2018-03-22
Large,4500,10500,8000,2018-03-23
Large,5000,7500,6500,2018-03-24
Large,3000,5800,4400,2018-03-25
Large,4000,9000,6500,2018-03-26
Large,3000,8000,6000,2018-03-27
Large,5000,7500,6500,2018-03-28
Small,4000,6000,4700,2018-03-30
Large,5000,10000,7500,2018-04-01
Large,4000,6500,5500,2018-04-03
Large,4000,6500,5000,2018-04-04
Large,5000,8000,7500,2018-04-05
Large,3500,6500,5000,2018-04-07
Large,4000,9000,6500,2018-04-08
Large,3500,6500,5200,2018-04-09
Large,2200,4800,3950,2018-04-10
Large,5000,9000,5500,2018-04-11
Large,4000,8000,6500,2018-04-12
Large,4000,6500,5500,2018-04-12
Large,4000,7500,6500,2018-04-13
Large,4000,6500,5500,2018-04-14
Large,2500,5000,4400,2018-04-15
Large,6000,10000,8000,2018-04-16
Small,6500,9000,8500,2018-04-18
Large,5000,10000,7600,2018-04-19
Large,5000,11000,8500,2018-04-20
Large,4000,10000,7000,2018-04-23
Large,5000,7500,6000,2018-04-24
Large,8500,10000,9500,2018-04-25
Large,4000,9000,6500,2018-04-26
Large,4500,7500,6500,2018-04-27
Small,4500,8000,6500,2018-04-28
Large,4500,9500,7500,2018-05-01
Large,8000,9000,8600,2018-05-02
Large,7500,8500,8200,2018-05-03
Large,3000,6500,5200,2018-05-04
Large,5000,9000,7000,2018-05-05
Large,5500,9500,8500,2018-05-08
Large,4000,6500,5500,2018-05-09
Large,4000,8000,6000,2018-05-10
Large,5000,9000,7000,2018-05-11
Large,4000,10000,7000,2018-05-12
Small,6000,9000,8200,2018-05-13
Large,5000,9000,7000,2018-05-14
Large,4000,11000,8500,2018-05-17
Large,3500,10000,6800,2018-05-18
Large,5000,7500,6500,2018-05-19
Large,4000,7000,6000,2018-05-20
Large,3500,6500,5200,2018-05-21
Large,3500,6500,5000,2018-05-22
Large,4500,9000,6750,2018-05-23
Large,3500,10000,7000,2018-05-24
Large,4000,6000,5600,2018-05-25
Large,4000,11000,7500,2018-05-26
Large,4000,9000,6500,2018-05-27
Large,4000,9000,6500,2018-05-28
Large,3000,6500,4800,2018-06-01
Large,4500,6500,5500,2018-06-02
Large,5200,9000,7100,2018-06-03
Large,5000,8000,7500,2018-06-04
Large,4000,10000,7000,2018-06-05
Large,3600,6000,4600,2018-06-06
Large,4500,7500,6200,2018-06-07
Large,5000,10000,7500,2018-06-08
Large,4000,8000,6000,2018-06-09
Small,7000,10000,7400,2018-06-10
Large,5000,7500,6500,2018-06-11
Large,5000,7500,6500,2018-06-12
Large,7000,11000,9000,2018-06-13
Large,4000,8000,6000,2018-06-14
Large,4500,9500,7200,2018-06-15
Large,4000,8000,6500,2018-06-17
Large,6500,7000,6800,2018-06-18
Large,6500,11000,9000,2018-06-19
Large,3500,5500,4500,2018-06-20
Small,6500,9500,8000,2018-06-21
Large,3200,6000,4600,2018-06-22
Large,7000,9000,8500,2018-06-23
Large,3000,5000,4300,2018-06-24
Large,5000,9000,7000,2018-06-25
Large,3500,6500,5000,2018-06-29
Large,4000,10000,7200,2018-06-30
Large,4000,7000,6000,2018-07-01
Small,6000,12000,7000,2018-07-02
Large,4000,6500,5500,2018-07-03
Large,4500,8500,6500,2018-07-05
Large,4000,6500,5600,2018-07-06
Large,4500,9500,7000,2018-07-07
Large,5000,7500,7000,2018-07-08
Small,6000,9000,7500,2018-07-09
Large,2300,5200,4450,2018-07-11
Large,7500,10000,9000,2018-07-12
Large,4000,9000,6500,2018-07-13
Large,4500,9000,4800,2018-07-14
Large,3500,5500,4600,2018-07-15
Large,4000,9000,6500,2018-07-16
Large,6000,10000,8000,2018-07-17
Large,3500,6500,5200,2018-07-18
Large,3000,5800,4400,2018-07-19
Large,4000,8000,6500,2018-07-20
Large,4000,6500,5500,2018-07-22
Large,9500,13500,12500,2018-07-23
Small,6500,9000,7800,2018-07-24
Large,4000,8000,6000,2018-07-25
Large,3500,7500,6500,2018-07-26
Large,3500,6200,4700,2018-07-28
Large,3500,7000,5300,2018-07-29
Large,4500,9000,6800,2018-07-30
Large,9500,12000,11000,2018-08-01
Large,6000,13000,8500,2018-08-02
Large,4000,9000,6500,2018-08-03
Large,4000,8000,6200,2018-08-04
Large,5500,11000,8500,2018-08-05
Large,4000,9000,6500,2018-08-06
Large,4000,6500,6200,2018-08-07
Large,4000,6500,6000,2018-08-08
Large,4500,6500,5500,2018-08-09
Large,4000,6000,5000,2018-08-10
Large,4000,9000,6500,2018-08-11
Large,6000,13000,9200,2018-08-12
Large,5000,9000,7000,2018-08-13
Large,4000,6500,5500,2018-08-14
Large,4000,6500,5600,2018-08-16
Large,3500,5500,4600,2018-08-17
Large,4000,6000,5000,2018-08-18
Large,4000,11000,7500,2018-08-19
Large,4000,6500,5800,2018-08-20
Large,3500,7000,5300,2018-08-21
Large,4000,7000,6500,2018-08-22
Large,5000,10000,7500,2018-08-23
Large,3500,6500,5200,2018-08-24
Large,4000,8000,6000,2018-08-27
Large,4000,9000,6600,2018-08-28
Large,4000,5000,4500,2018-08-29
Large,5000,7500,6500,2018-08-30
Small,8000,14000,10000,2018-08-31
Large,600,4400,2800,2018-09-01
Large,4000,8000,6000,2018-09-02
Large,7500,13000,11500,2018-09-03
Large,4000,9000,6500,2018-09-04
Large,4500,8000,6500,2018-09-05
Large,4500,9500,7000,2018-09-06
Large,4000,6500,5500,2018-09-07
Large,4000,6500,5500,2018-09-08
Small,7500,11000,9500,2018-09-09
Large,4000,9000,6600,2018-09-11
Large,3000,5000,4000,2018-09-12
Large,3500,8500,6000,2018-09-13
Small,6500,10000,8200,2018-09-14
Large,3000,7000,5000,2018-09-15
Large,3000,7000,5200,2018-09-16
Small,6500,9000,8200,2018-09-17
Large,2500,6000,4300,2018-09-18
Large,3000,6000,4500,2018-09-20
Large,7500,11000,9500,2018-09-26
Large,4500,9500,7000,2018-09-27
Small,8000,11000,9500,2018-09-28
Large,4500,9000,6750,2018-09-29
Small,4500,8000,6000,2018-09-30
Large,4500,6500,5800,2018-10-02
Large,5000,9000,7000,2018-10-03
Large,3500,7000,5300,2018-10-05
Large,4000,7000,6000,2018-10-06
Large,4500,6500,5500,2018-10-07
Large,4500,9500,7000,2018-10-08
Large,6000,11000,8500,2018-10-09
Large,4000,6000,5200,2018-10-10
Large,3000,6000,4500,2018-10-11
Large,4500,9000,6800,2018-10-12
Large,3000,10000,6500,2018-10-13
Large,5000,6500,5750,2018-10-14
Large,4000,9000,6500,2018-10-15
Large,7000,9000,8000,2018-10-16
Small,6500,9500,7800,2018-10-18
Large,3500,6000,4500,2018-10-19
Large,4000,6500,5500,2018-10-20
Large,5000,7000,6000,2018-10-21
Large,6000,10000,9300,2018-10-22
Large,4000,9000,6500,2018-10-23
Large,4000,10000,8000,2018-10-25
Large,4500,10500,7500,2018-10-26
Large,5000,8500,7000,2018-10-27
Small,4500,6200,5500,2018-10-28
Large,4500,9000,6800,2018-10-29
Large,4000,6500,6200,2018-10-30
Medium,0,0,4800,2018-10-31
Large,4000,9000,6600,2018-11-06
Large,5000,9000,7000,2018-11-07
Large,5000,7500,6500,2018-11-09
Large,5000,13000,9000,2018-11-10
Large,7500,11000,9500,2018-11-12
Large,5000,9000,7000,2018-11-13
Large,4000,10000,7000,2018-11-14
Large,5000,7500,6500,2018-11-15
Large,8000,11000,9500,2018-11-16
Large,5000,7500,6000,2018-11-17
Large,4000,7500,5800,2018-11-18
Large,4000,6500,5500,2018-11-19
Large,8500,11000,9600,2018-11-20
Large,4500,7500,6000,2018-11-22
Large,4000,8500,6300,2018-11-24
Large,4000,9000,6500,2018-11-25
Large,5000,10000,7500,2018-11-26
Large,4000,7000,6500,2018-11-27
Large,4000,6500,5500,2018-11-28
Small,5500,9000,8200,2018-11-29
Large,4000,6000,5500,2018-11-30
Large,3000,6000,4500,2018-11-30
Large,4500,9500,7200,2018-12-01
Large,3500,6500,5200,2018-12-02
Large,3000,6000,4500,2018-12-03
Large,8500,11000,9500,2018-12-05
Small,6500,9000,8200,2018-12-06
Large,3500,7200,6550,2018-12-08
Large,4000,6500,5500,2018-12-09
Small,8000,11000,9500,2018-12-10
Small,6000,9000,7000,2018-12-11
Large,2300,5500,4450,2018-12-12
Large,8500,9000,8800,2018-12-13
Large,3200,7000,5200,2018-12-14
Large,10000,13000,12000,2018-12-18
Large,3500,7500,5500,2018-12-19
Large,3200,6000,4600,2018-12-20
Large,4000,7500,5750,2018-12-21
Large,3500,8000,5800,2018-12-23
Large,3500,9000,6300,2018-12-24
Large,4000,7500,5750,2018-12-25
Large,2500,6000,4300,2018-12-26
Large,4000,8000,6000,2018-12-27
Large,4000,8000,6000,2018-12-28
Large,4500,7500,6500,2018-12-29
Large,6500,11000,9500,2018-12-31
Small,6000,9000,7800,2019-01-02
Large,5500,9500,8500,2019-01-03
Large,3000,5500,4000,2019-01-04
Large,4000,10000,7000,2019-01-05
Large,5000,7500,6500,2019-01-06
Large,4200,9000,6600,2019-01-07
Large,5000,7500,7200,2019-01-08
Large,6500,10000,8500,2019-01-09
Large,5000,7000,6000,2019-01-10
Large,4500,9500,7000,2019-01-11
Large,3500,5500,4500,2019-01-12
Small,4500,8000,6000,2019-01-13
Large,5000,6000,5200,2019-01-14
Large,5000,7500,6500,2019-01-15
Large,6000,12000,10000,2019-01-19
Large,4000,6500,5500,2019-01-20
Small,7000,9000,8000,2019-01-22
Large,4000,8500,6300,2019-01-23
Large,3800,9000,6400,2019-01-24
Small,4000,5500,4400,2019-01-25
Large,5000,9000,7000,2019-01-26
Large,7000,11000,9500,2019-01-28
Large,4000,6500,6000,2019-01-29
Large,8000,9000,8500,2019-01-30
Large,7500,10000,9500,2019-01-31
Large,4000,7500,6500,2019-02-01
Large,4000,6500,5500,2019-02-02
Large,5000,8500,6800,2019-02-03
Large,5000,10000,7500,2019-02-04
Small,5000,8000,6500,2019-02-05
Large,4500,7500,6500,2019-02-06
Large,5500,9500,7500,2019-02-07
Large,4000,8500,6250,2019-02-08
Large,3000,6000,4600,2019-02-09
Large,5500,8500,7000,2019-02-10
Large,3000,8000,5500,2019-02-11
Large,5000,8000,6600,2019-02-12
Small,6500,10000,8200,2019-02-13
Large,4000,6500,5300,2019-02-14
Large,2500,4000,3500,2019-02-15
Large,4500,7500,6200,2019-02-16
Large,9000,12000,10500,2019-02-17
Large,4600,9200,6900,2019-02-18
Small,7000,12000,8500,2019-02-20
Small,4500,8000,6000,2019-02-21
Large,4000,8500,7600,2019-02-22
Large,4500,8000,6300,2019-02-23
Large,4500,9000,6800,2019-02-24
Large,3500,6500,5000,2019-02-25
Large,4000,6500,5500,2019-02-28
Large,5000,13000,9000,2019-03-01
Small,0,0,7500,2019-03-03
Large,5000,7500,6400,2019-03-04
Large,9500,13000,12000,2019-03-05
Large,4800,7200,6600,2019-03-06
Small,6000,7500,6700,2019-03-07
Large,4000,8000,6000,2019-03-08
Large,6000,8000,6500,2019-03-09
Large,3500,6000,5500,2019-03-10
FAQ,4000,6500,5500,2019-03-11
Large,4500,8500,6500,2019-03-12
Large,4500,9500,7000,2019-03-13
Large,4000,10000,7500,2019-03-15
Large,4000,9000,6600,2019-03-16
Large,9000,12000,10500,2019-03-17
Large,4000,9000,6500,2019-03-18
Large,6500,11000,9500,2019-03-19
Large,3500,9000,6300,2019-03-20
Large,4000,8000,6200,2019-03-22
Large,5000,6500,5700,2019-03-23
Large,2500,6500,5000,2019-03-24
Large,3000,6500,5000,2019-03-25
Large,4000,6500,5500,2019-03-26
Large,7000,10000,8500,2019-03-28
Large,4000,8000,6000,2019-03-29
Large,4000,8000,6000,2019-03-30
Large,8000,11000,9800,2019-03-31
Large,7000,8000,7500,2019-04-01
Large,4500,8000,6300,2019-04-02
Large,3000,5000,4000,2019-04-03
Large,4000,8000,6500,2019-04-04
Large,4000,9500,6750,2019-04-05
Large,2500,6000,4500,2019-04-07
Large,2500,6000,4300,2019-04-09
Large,4000,7000,6500,2019-04-10
Large,4000,7000,5500,2019-04-12
Large,4500,10000,7300,2019-04-13
Small,5500,9000,8000,2019-04-14
Large,5000,8000,7000,2019-04-15
Large,4100,8000,6000,2019-04-16
Large,5000,7500,6500,2019-04-20
Large,3500,7000,5300,2019-04-21
Large,8000,10000,9500,2019-04-22
Large,5000,6500,5550,2019-04-23
Large,2300,5500,4400,2019-04-24
Small,6500,8500,7000,2019-04-25
Large,5000,8500,7000,2019-04-26
Large,5000,10000,7500,2019-04-27
Large,7000,10000,8500,2019-04-28
Large,7000,8000,7500,2019-04-30
Large,4000,9600,6800,2019-05-03
Large,4000,8500,6800,2019-05-04
Small,8000,11000,9500,2019-05-05
Large,4000,8000,6000,2019-05-06
Large,4500,8500,6500,2019-05-07
Large,5000,10000,7500,2019-05-08
Large,4500,8500,6500,2019-05-09
Small,6500,8500,7400,2019-05-10
Large,3400,7200,5400,2019-05-11
Small,6500,9000,8200,2019-05-12
Large,4000,8000,6000,2019-05-13
Large,4000,6500,5500,2019-05-14
Large,4000,6000,5000,2019-05-15
Large,5000,7500,6500,2019-05-16
Large,5000,10000,7500,2019-05-17
Large,4500,7500,6000,2019-05-19
Large,4000,8000,6000,2019-05-20
Large,3000,6000,4500,2019-05-21
Large,4000,9000,6500,2019-05-22
Large,4000,7500,6000,2019-05-23
Small,4000,8000,7000,2019-05-24
Small,4000,7000,6000,2019-05-25
Large,6500,10000,8500,2019-05-26
Large,3000,6000,4500,2019-05-27
Large,4000,8000,6000,2019-05-28
Large,4500,10000,7300,2019-05-29
Large,4000,8000,6000,2019-05-31
Small,7500,11000,9000,2019-06-02
Large,4000,6500,6000,2019-06-03
Large,5000,9000,7000,2019-06-04
Large,5000,6000,5500,2019-06-07
Large,4000,6000,5200,2019-06-08
Large,4000,6000,5000,2019-06-09
Large,5000,10000,8000,2019-06-10
Small,7000,11000,9000,2019-06-11
Large,4000,6500,5500,2019-06-12
Large,5000,9000,7000,2019-06-13
Large,4500,6500,5600,2019-06-14
Large,3500,8500,6000,2019-06-16
Large,4500,9500,7000,2019-06-18
Large,4000,8600,6300,2019-06-19
Large,4500,8500,6500,2019-06-20
Small,4000,8500,7600,2019-06-21
Large,5000,7000,6000,2019-06-22
Large,3000,5500,4400,2019-06-23
Large,5000,10000,8000,2019-06-24
Large,4500,8000,6500,2019-06-25
Small,5000,7000,6700,2019-06-26
Large,7000,9200,8200,2019-06-28
Large,2500,5000,4000,2019-06-29
Large,4000,7000,5500,2019-07-01
Large,4000,8000,6000,2019-07-03
Large,7000,8000,7500,2019-07-04
Large,6000,10000,8000,2019-07-06
Large,5000,7500,6500,2019-07-07
Large,3000,5500,4300,2019-07-08
Large,4500,9000,6750,2019-07-12
Large,5000,6000,5500,2019-07-13
Large,6500,11000,9000,2019-07-14
Large,4000,7500,7000,2019-07-15
Large,4000,6500,5300,2019-07-16
Large,8000,9000,8500,2019-07-18
Large,3500,8500,6000,2019-07-20
Large,4000,9000,6500,2019-07-21
Large,4000,6500,5300,2019-07-22
Large,5000,10000,7600,2019-07-23
Large,4000,8000,6200,2019-07-26
Large,5500,9500,8500,2019-07-27
Large,4500,10000,7300,2019-07-28
Large,5000,9000,7500,2019-07-29
Large,5000,9000,7000,2019-07-30
Large,3000,7000,5000,2019-07-31
Large,4000,6500,5000,2019-08-01
Large,2500,4500,4000,2019-08-02
Large,4500,7500,6500,2019-08-03
Small,6000,8000,6800,2019-08-04
Large,5000,7500,6450,2019-08-05
Large,3500,6500,5000,2019-08-06
Small,4000,7000,5500,2019-08-07
Small,5500,9000,8500,2019-08-08
Large,4000,8200,6100,2019-08-09
Large,2500,5000,4550,2019-08-10
Large,6500,11000,9500,2019-08-11
Large,4500,8000,6300,2019-08-13
Large,4500,9000,6800,2019-08-14
Small,6000,9000,8500,2019-08-16
Large,2500,6500,4500,2019-08-17
Large,9000,12000,11000,2019-08-18
Large,4000,7000,6000,2019-08-19
Large,4500,10000,7500,2019-08-20
Large,4000,6500,6200,2019-08-21
Large,2500,5000,4200,2019-08-22
Large,3000,6000,5000,2019-08-23
Large,5000,7500,6500,2019-08-24
Large,2500,5500,4000,2019-08-25
Large,4000,10000,7000,2019-08-26
Large,3800,8000,5900,2019-08-27
Large,5500,8500,7500,2019-08-28
Large,4000,8500,7000,2019-08-29
Large,10000,12500,12000,2019-08-30
Large,5000,10000,7500,2019-08-31
Large,8000,10000,9000,2019-09-01
Large,8000,10000,9000,2019-09-02
Large,4000,7500,7000,2019-09-03
Large,4400,8000,6200,2019-09-04
Large,4000,8000,6000,2019-09-05
Large,4000,6500,6200,2019-09-06
Large,4000,7500,6600,2019-09-09
Large,3500,6500,5500,2019-09-12
Large,4000,7000,5500,2019-09-13
Large,5000,9000,7000,2019-09-15
Large,3500,7500,5500,2019-09-16
Large,4500,11000,8000,2019-09-17
Large,4500,9000,6800,2019-09-18
Large,5000,10000,7500,2019-09-19
Large,4500,8500,6500,2019-09-20
Large,3500,7500,5500,2019-09-21
Large,4000,7000,6500,2019-09-22
Large,4000,7500,6500,2019-09-23
Large,6000,10000,8500,2019-09-24
Large,5000,8000,6500,2019-09-25
Small,4500,7000,5600,2019-09-26
Large,4500,9500,7000,2019-09-27
Large,5000,8000,7500,2019-09-28
Small,7000,10000,8000,2019-09-29
Large,8500,9500,9000,2019-09-30
Large,7500,9500,8500,2019-10-01
Large,5500,9500,8500,2019-10-02
Large,4500,8500,6500,2019-10-03
Large,4000,9000,6500,2019-10-04
Large,4000,9000,6500,2019-10-05
Large,6500,11000,8800,2019-10-06
Small,4000,7000,6000,2019-10-07
Small,7500,12000,8500,2019-10-08
Large,4500,6500,5500,2019-10-09
Large,3500,5500,4500,2019-10-10
Large,4000,6500,5300,2019-10-11
Small,6000,10000,9000,2019-10-12
Small,5000,8000,7000,2019-10-14
Large,4000,7500,6500,2019-10-15
Large,4200,8000,6100,2019-10-16
Large,7000,9200,8500,2019-10-17
Large,3500,7500,5500,2019-10-18
Large,3000,6500,4800,2019-10-19
Large,4000,8500,6300,2019-10-20
Large,5500,10000,8500,2019-10-21
Large,8500,12000,10000,2019-10-22
Large,5000,9000,7000,2019-10-23
Small,5000,8000,6000,2019-10-24
Large,4000,6500,5500,2019-10-25
Large,4000,8000,6000,2019-10-27
Small,8000,11000,9000,2019-10-29
Large,4500,8500,6800,2019-10-30
Small,6500,9000,8500,2019-10-31
Large,3500,6500,5000,2019-11-01
Large,4500,9500,7000,2019-11-02
Large,3500,6000,5000,2019-11-03
Large,4000,8000,6000,2019-11-04
Large,3500,6500,5000,2019-11-05
Large,4000,10000,7000,2019-11-06
Large,4000,8000,6000,2019-11-07
Large,3000,6000,4500,2019-11-08
Small,8000,11000,9500,2019-11-10
Large,4000,9500,6800,2019-11-11
Large,7500,8000,7800,2019-11-13
Large,4500,6500,5500,2019-11-14
Small,6000,8000,6500,2019-11-15
Large,4500,9000,6800,2019-11-16
Large,7500,11000,9600,2019-11-17
Large,4000,6000,5000,2019-11-18
Large,5000,7500,6000,2019-11-19
Large,4500,9000,6800,2019-11-20
Large,3000,6500,5000,2019-11-21
Large,4000,9000,6500,2019-11-22
Large,6000,10000,8500,2019-11-23
Large,4000,6000,5200,2019-11-24
Large,7000,9000,8000,2019-11-25
Large,4000,6500,5600,2019-11-26
Large,4500,6000,5200,2019-11-28
Large,3000,6000,4500,2019-11-29
Large,3000,6000,4500,2019-11-30
Large,3500,6500,5000,2019-12-01
Large,4000,9000,6500,2019-12-02
Large,7500,10000,9500,2019-12-03
Large,4000,6500,5500,2019-12-04
Large,3500,7000,5300,2019-12-05
Large,4500,10000,7300,2019-12-06
Large,3000,6000,4500,2019-12-07
Large,2200,5000,4200,2019-12-08
Large,4000,7000,5500,2019-12-09
Large,4000,6500,6000,2019-12-10
Large,3500,6500,5200,2019-12-11
Large,3500,8000,5800,2019-12-13
Large,3500,8000,5800,2019-12-14
Large,5000,9000,7000,2019-12-15
Large,4500,7500,6500,2019-12-16
Large,7500,10000,9500,2019-12-17
Large,2500,6000,5500,2019-12-18
Large,4500,9000,6800,2019-12-19
Large,7500,9500,8500,2019-12-20
Large,4000,11000,7500,2019-12-21
Large,4000,6500,5500,2019-12-22
Large,4500,9000,6800,2019-12-23
Large,4500,7500,6200,2019-12-24
Large,4000,8000,6000,2019-12-25
Large,4000,6500,5500,2019-12-26
Large,3000,6000,4500,2019-12-27
Large,4000,6500,5500,2019-12-28
Large,5000,7500,6200,2019-12-29
Large,3000,6500,5500,2019-12-30
Large,8000,13000,11000,2019-12-31
Large,2800,6000,4400,2020-01-02
Large,5000,6000,5500,2020-01-03
Large,3000,5500,4300,2020-01-04
Large,4000,6500,5500,2020-01-05
Large,9000,12000,10500,2020-01-07
Large,3500,6000,5000,2020-01-08
Large,6500,11000,8800,2020-01-09
Large,2500,5000,4300,2020-01-11
Large,2500,6000,4500,2020-01-12
Large,4500,7000,6500,2020-01-13
Large,5000,6500,6000,2020-01-14
Large,4000,8000,6000,2020-01-15
Large,4000,6500,5600,2020-01-16
Large,3500,10000,7500,2020-01-18
Large,4500,8500,6500,2020-01-19
Large,5000,7500,6500,2020-01-20
Large,4000,7000,5500,2020-01-21
Large,4500,6500,5500,2020-01-22
Large,5000,9000,7200,2020-01-23
Large,6000,10000,8000,2020-01-24
Large,4000,8000,6500,2020-01-25
Large,7000,9000,8000,2020-01-26
Large,4500,9000,7500,2020-01-27
Large,4000,8500,6250,2020-01-28
Large,6000,10000,8200,2020-01-29
Large,6500,11000,9500,2020-01-30
Large,4000,7500,6500,2020-01-31
Large,4500,6500,5500,2020-02-08
Small,6500,11000,9000,2020-02-10
Large,5500,9500,9000,2020-02-11
Large,3500,6500,5600,2020-02-12
Large,5000,7500,6500,2020-02-13
Small,6000,9000,7500,2020-02-14
Large,5500,11000,8300,2020-02-15
Large,7200,10000,9200,2020-02-16
Large,2700,4500,4300,2020-02-17
Large,5000,7500,6250,2020-02-18
Large,3500,7500,5500,2020-02-21
Large,3600,7500,5600,2020-02-22
Large,4500,9500,7000,2020-02-23
Large,4000,8000,6000,2020-02-24
Large,3000,6500,5000,2020-02-25
Large,4000,8500,8000,2020-02-26
Large,4500,10000,7300,2020-02-27
Small,6500,9000,7800,2020-02-28
Small,7000,11000,9000,2020-02-29
Large,4500,8500,6600,2020-03-04
Large,5500,12000,9000,2020-03-05
Large,4500,8500,6500,2020-03-06
Small,4000,8000,6500,2020-03-08
Large,4000,9000,6600,2020-03-09
Large,6500,10000,8500,2020-03-12
Large,7000,11000,9800,2020-03-13
Large,3500,9500,6500,2020-03-14
Large,7000,10000,8600,2020-03-15
Large,4000,8200,6100,2020-03-17
Large,4000,10000,7000,2020-03-18
Large,5000,7500,6500,2020-03-19
Large,4000,9000,6500,2020-03-20
Large,3000,5000,4600,2020-04-11
Large,4500,8500,6500,2020-04-12
Small,6000,9000,7800,2020-04-15
Large,4000,8000,6000,2020-04-16
Large,4000,9000,6500,2020-04-17
Large,2300,5500,4400,2020-04-18
Large,6500,11000,9500,2020-04-19
Large,9000,12000,10500,2020-04-22
Large,4000,6500,5600,2020-04-23
Large,4500,10000,7500,2020-04-27
Large,3500,5500,4500,2020-04-29
Large,4000,10000,7000,2020-04-30
Large,4000,7000,5500,2020-05-08
Large,4500,7000,5750,2020-05-09
Large,4500,9000,6800,2020-05-10
Small,6500,10000,8500,2020-05-11
Large,3500,5500,4600,2020-05-12
Large,3500,5500,4500,2020-05-13
Large,4000,7000,5500,2020-05-14
Large,2500,4500,4050,2020-05-15
Large,2500,6000,4500,2020-05-16
Large,5000,7500,6500,2020-05-19
Large,5500,8500,7550,2020-05-20
Large,5000,9000,7000,2020-05-21
Large,9500,12500,11500,2020-05-22
Small,8000,13500,9500,2020-05-25
Large,3500,6000,4600,2020-05-26
Large,4000,9000,6750,2020-05-28
Large,8500,11000,9600,2020-05-29
Large,5000,7000,6000,2020-05-30
Large,5000,9500,7250,2020-05-31
Large,2500,5000,4200,2020-06-07
Small,6000,9000,8000,2020-06-08
Large,3800,9000,6400,2020-06-09
Large,4000,10000,7200,2020-06-10
Large,4000,8600,6300,2020-06-11
Large,7500,10500,9500,2020-06-12
Large,4000,10000,7000,2020-06-13
Large,4000,8000,6000,2020-06-14
Large,2500,6500,4500,2020-06-15
Large,3000,6000,4500,2020-06-16
Large,3000,5500,4500,2020-06-17
Large,6000,10000,9000,2020-06-18
Large,5000,9000,7500,2020-06-19
Large,4000,8000,6200,2020-06-20
Large,4500,6500,5500,2020-06-21
Large,4000,6000,5500,2020-06-22
Large,4000,6500,6000,2020-06-26
Large,6500,9000,7500,2020-06-27
Large,4000,8000,6000,2020-06-28
Small,5000,11000,9000,2020-06-30
Large,4000,6500,6100,2020-07-04
Large,3500,8500,6000,2020-07-06
Large,5500,8500,7000,2020-07-07
Large,4000,9300,6650,2020-07-08
Large,3500,6000,5000,2020-07-09
Large,2500,4500,4200,2020-07-10
Large,4500,9000,6800,2020-07-11
Large,4000,6500,5500,2020-07-12
Large,4500,8500,6500,2020-07-13
Large,3500,7000,5300,2020-07-14
Large,5000,8000,7500,2020-07-15
Large,8000,9000,8500,2020-07-16
Large,8000,9500,9000,2020-07-17
Large,9500,13500,12000,2020-07-18
Large,5000,9000,7000,2020-07-19
Large,3200,7600,5400,2020-07-20
Large,4000,6500,5500,2020-07-21
Large,3500,6000,4800,2020-07-22
Large,3500,6000,5000,2020-07-23
Large,4000,9000,8000,2020-07-24
Large,4000,6500,5500,2020-07-25
Large,5000,9000,7000,2020-07-26
Large,4200,8600,6400,2020-07-27
Large,6500,9000,8000,2020-07-29
Small,4000,8000,7200,2020-07-30
Large,5000,9000,7000,2020-07-31
Large,4000,7500,6000,2020-08-02
Large,5000,7500,6500,2020-08-04
Large,4000,8000,6000,2020-08-05
Large,5000,8000,7500,2020-08-06
Large,5000,7500,6500,2020-08-08
Large,7000,8000,7500,2020-08-09
Large,3500,7000,5250,2020-08-10
Large,2500,6000,4000,2020-08-11
Large,2300,5500,4450,2020-08-13
Large,4000,6500,5500,2020-08-14
Large,4500,6500,5500,2020-08-15
Large,5000,7500,7000,2020-08-16
Large,4000,6500,5600,2020-08-17
Large,4500,9500,7000,2020-08-18
Large,5000,10000,7500,2020-08-19
Small,5500,7000,6200,2020-08-20
Large,5000,7600,6600,2020-08-21
Large,5000,8000,6500,2020-08-22
Large,5000,12000,8500,2020-08-23
Large,3000,9000,6000,2020-08-24
Large,4000,7000,6500,2020-08-25
Large,4500,10000,7300,2020-08-26
Large,8000,10000,9500,2020-08-27
Large,4000,6000,5500,2020-08-30
Large,4500,9000,6800,2020-08-31
Small,7000,10000,8500,2020-11-06
Large,4000,6500,6000,2020-11-07
Large,7000,9000,8000,2020-11-08
Large,3000,5500,4500,2020-11-09
Small,6000,8000,7000,2020-11-10
Large,4000,8000,6000,2020-11-11
Large,4000,8000,6000,2020-11-12
Large,4000,8000,6000,2020-11-13
Large,4000,11000,7500,2020-11-15
Small,8000,11000,9000,2020-11-16
Large,5500,13000,9500,2020-11-17
Large,4000,11000,8500,2020-11-18
Large,6200,10000,8000,2020-11-19
Large,5000,10000,7500,2020-11-20
Large,9000,12000,11000,2020-11-21
Small,6500,8500,7400,2020-11-22
Large,4000,6500,4600,2020-11-23
Large,4000,9000,6500,2020-11-24
Large,3000,6500,5000,2020-11-25
Large,4000,9000,6500,2020-11-26
Large,4000,9000,6500,2020-11-28
Large,4500,9500,7000,2020-11-29
Large,7000,8500,8000,2020-12-03
Large,3500,10000,7500,2020-12-04
Large,2500,6000,4300,2020-12-05
Large,4000,6500,5500,2020-12-06
Large,3000,5500,4600,2020-12-07
Large,4000,8500,6300,2020-12-09
Large,4000,7000,5500,2020-12-10
Large,2500,5500,4000,2020-12-11
Small,4000,8000,6000,2020-12-12
Large,4000,9500,8200,2020-12-13
Large,4000,7000,6000,2020-12-14
Large,5500,10500,8500,2020-12-15
Small,7000,11000,9000,2020-12-16
Large,7000,9000,8000,2020-12-17
Large,4000,6000,4500,2020-12-18
Large,4500,10000,7250,2020-12-19
Large,5000,8000,6500,2020-12-20
Large,2500,4500,3800,2020-12-21
Large,3000,7000,5000,2020-12-22
Large,3500,5700,4500,2020-12-23
Large,4000,9000,6500,2020-12-24
Large,3800,9200,6500,2020-12-25
Large,4000,6500,5800,2020-12-26
Large,5000,9500,7300,2020-12-27
Large,2500,4500,3800,2020-12-28
Large,4500,7500,6000,2020-12-29
Large,4000,10000,7000,2021-01-06
Large,4000,10000,7000,2021-01-07
Large,4500,7500,6500,2021-01-08
Large,2500,4500,4000,2021-01-09
Small,6500,9500,8200,2021-01-10
Small,6500,9500,8000,2021-01-11
Large,3500,5500,4450,2021-01-12
Large,6000,10000,8500,2021-01-13
Large,3000,6000,4500,2021-01-15
Large,4500,8500,6500,2021-01-16
Large,7000,11000,9500,2021-01-17
Large,5000,7500,6500,2021-01-18
Large,6000,10000,8000,2021-01-19
Large,8000,9000,8500,2021-01-20
Large,5000,7500,7000,2021-01-21
Small,6300,7500,6800,2021-01-22
Large,8000,9500,8500,2021-01-23
Small,5500,9000,8000,2021-01-24
Large,3500,7500,5500,2021-01-25
Large,7500,10000,9500,2021-01-26
Large,9500,12000,11000,2021-01-27
Large,6000,11000,9000,2021-01-29
Small,6000,13000,6700,2021-01-30
Large,4000,10000,7000,2021-01-31
Large,6500,9000,8500,2021-02-13
Small,4500,8000,5500,2021-02-14
Large,3500,5500,4500,2021-02-15
Large,4500,8500,6500,2021-02-16
Large,5000,11000,8000,2021-02-17
Small,3600,5600,4800,2021-02-18
Large,4000,9000,6500,2021-02-20
Large,3500,6500,5000,2021-02-21
Large,4000,8500,7500,2021-02-22
Large,6000,11000,8800,2021-02-23
Large,5000,9000,7000,2021-02-24
Large,7500,11000,9500,2021-03-09
Large,8000,9000,8500,2021-03-10
Large,4000,6000,5600,2021-03-11
Large,4000,8500,6250,2021-03-12
Large,4000,6500,5500,2021-03-13
Large,4000,9000,6600,2021-03-15
Large,4000,6500,5500,2021-03-16
Large,4000,7000,5500,2021-03-18
Large,5000,7000,6500,2021-03-21
Large,3000,5500,4300,2021-03-22
Large,4000,6000,5000,2021-03-23
Large,4000,7000,5000,2021-03-24
Large,4200,8200,6200,2021-03-25
Large,4000,7000,5500,2021-03-28
Large,5000,9000,7000,2021-04-06
Large,7000,9200,8500,2021-04-07
Large,6500,11000,9200,2021-04-08
Large,4000,9000,7000,2021-04-09
Large,4500,9000,6750,2021-04-12
Large,6000,13000,9500,2021-04-13
Small,5500,8500,6500,2021-04-15
Large,7500,9000,8400,2021-04-16
Large,2500,4000,3550,2021-04-17
Large,4000,7000,6200,2021-04-18
Large,5000,7000,6500,2021-04-19
Large,3600,8000,5800,2021-04-20
Large,4500,9000,6800,2021-04-21
Large,4500,7500,6200,2021-04-22
Small,7000,11000,9500,2021-04-23
Large,4000,8000,6000,2021-08-03
Large,3500,5500,4500,2021-08-04
Large,4000,6500,4500,2021-08-09
Large,5000,9000,7500,2021-08-10
Large,5000,8000,7500,2021-08-11
Large,4000,9000,6500,2021-08-12
Small,8000,12500,9000,2021-08-13
Large,5500,9000,8000,2021-08-14
Large,4500,7500,6400,2021-08-15
Large,4000,6500,6200,2021-08-16
Large,4000,7500,7000,2021-08-17
Large,4500,11000,7800,2021-08-18
Large,4000,6500,5200,2021-08-19
Large,3200,6000,4700,2021-08-21
Small,4000,6500,6000,2021-08-23
Large,6000,12000,10500,2021-08-24
Small,0,0,6200,2021-08-25
Small,8000,11000,9000,2021-08-26
Large,4000,7000,5500,2021-09-03
Large,2800,6000,4400,2021-09-04
Large,5000,9000,7000,2021-09-05
Small,6500,10000,8500,2021-09-06
Large,4500,6500,5500,2021-09-07
Large,2500,6000,4300,2021-09-08
Large,4000,8500,6500,2021-09-09
Large,4000,6500,5500,2021-09-10
Large,2600,4600,4000,2021-09-12
Large,4500,9000,6800,2021-09-13
Large,4500,7500,6200,2021-09-14
Large,2000,5500,4350,2021-09-15
Large,4000,6500,6200,2021-09-16
Large,2500,4500,4000,2021-09-17
Large,4400,9200,6800,2021-09-18
Medium,0,8000,0,2021-09-19
Large,4000,6500,6000,2021-09-21
Large,5000,8500,6750,2021-09-22
Large,2000,6000,4000,2021-09-23
Large,3500,5500,4500,2021-09-24
Small,6000,9000,8000,2021-09-25
Large,5000,6500,5000,2021-09-26
Large,4000,7000,5500,2021-09-27
Large,6500,9500,8200,2021-09-28
Large,4000,9000,8000,2021-09-29
Large,5000,7000,5600,2021-09-30
Large,4500,8000,6300,2021-10-22
Large,5500,9500,7500,2021-10-24
Large,3500,8500,6000,2021-10-25
Large,4000,6500,5800,2021-10-26
Large,4000,9000,8500,2021-11-07
Large,6500,11000,9500,2021-11-08
Large,3500,7500,5500,2021-11-09
Large,4000,6500,5300,2021-11-10
Large,3500,6000,5200,2021-11-11
Large,6500,9200,8000,2021-11-12
Large,4000,9000,6500,2021-11-14
Large,5000,10000,7500,2021-11-15
Large,3500,8500,6000,2021-11-16
Large,2500,4500,4400,2021-11-20
Small,6000,9500,8000,2021-11-21
Large,3500,6500,5000,2021-11-22
Small,5000,8000,6000,2021-11-23
Small,7000,11000,9500,2021-11-24
Large,4000,9000,6600,2021-11-25
Large,5000,9000,7000,2021-11-26
Small,5000,9000,8200,2021-11-28
Large,3000,7000,5000,2021-11-29
Large,2200,4800,4000,2021-11-30
Large,6500,11000,9400,2021-12-03
Large,3000,8000,5500,2021-12-20
Large,7000,10000,8500,2021-12-21
Large,3500,7000,5300,2021-12-22
Large,3000,7000,5000,2021-12-23
Small,6400,8000,7500,2021-12-25
Large,7000,11000,9200,2021-12-26
Large,5000,7500,6550,2021-12-27
Large,3000,5500,4300,2021-12-28
Large,6200,10000,8300,2021-12-29
Large,4000,11000,8400,2021-12-30
Large,4000,6000,5000,2021-12-31
Large,6000,7000,6500,2022-01-01
Large,7500,11000,9500,2022-01-03
Small,5500,9000,6800,2022-01-04
Large,5000,9000,7000,2022-01-05
Large,2500,6500,4500,2022-01-06
Large,5000,6000,5500,2022-01-07
Large,4500,6500,5500,2022-01-08
Large,4500,9000,6800,2022-01-09
Large,3000,5000,4300,2022-01-10
Large,4000,9500,8000,2022-01-11
Large,4000,8000,6000,2022-01-12
Small,6500,10000,8200,2022-01-13
Large,4500,6500,5500,2022-01-14
Large,5000,10000,7500,2022-01-15
Large,7500,9500,8600,2022-01-17
Large,4500,9500,7000,2022-01-18
Large,3500,6500,5000,2022-01-19
Large,5000,7500,6500,2022-01-20
Large,3500,6000,5200,2022-01-21
Small,6500,9000,8000,2022-01-22
Large,4000,7800,5900,2022-01-24
Large,4000,9000,6500,2022-01-25
Large,4000,10000,7000,2022-01-26
Large,4000,6500,5500,2022-01-27
Large,4000,10000,7000,2022-01-28
Large,4000,10000,7000,2022-01-29
Large,7000,9200,8200,2022-01-31
Large,5000,7500,6500,2022-02-01
Large,4500,6500,5500,2022-02-02
Small,4000,7500,6200,2022-02-03
Large,5000,8500,7000,2022-02-04
Large,4000,6500,5300,2022-02-05
Large,7000,10000,8600,2022-02-06
Small,5500,8500,6200,2022-02-07
Large,5000,7500,6500,2022-02-15
Large,2200,5000,4200,2022-02-17
Large,3500,7000,5250,2022-02-18
Large,4000,9000,6500,2022-02-19
Large,4000,7000,5500,2022-02-20
Large,5000,9000,7200,2022-02-21
Large,5000,8500,6800,2022-02-22
Small,8000,13000,9000,2022-02-23
Large,3500,7500,5500,2022-02-27
Large,4500,8500,6500,2022-02-28
Small,5500,9000,8000,2022-03-01
Large,4000,7000,6500,2022-03-03
Large,4000,7000,5000,2022-03-04
Large,3000,6500,5000,2022-03-05
Large,4200,9400,6800,2022-03-06
Large,4200,8200,6200,2022-03-07
Large,4000,9000,6500,2022-03-08
Small,6000,9500,7500,2022-03-09
Large,6500,10000,8200,2022-03-10
Large,4000,7000,5500,2022-03-11
Large,4700,8700,6700,2022-03-13
Large,4200,9000,6600,2022-03-14
Small,4000,6500,6000,2022-03-15
Small,6500,10000,8500,2022-03-16
Large,3500,7000,5250,2022-03-19
Large,3000,6000,4500,2022-03-20
Large,4000,9000,6600,2022-03-21
Large,2800,4200,3600,2022-03-22
Large,5000,9000,7000,2022-03-23
Large,2800,6000,4400,2022-03-25
Large,4200,8200,6700,2022-03-26
Large,4000,6000,5000,2022-03-27
Large,7500,10000,9000,2022-03-28
Small,5000,8000,5000,2022-03-29
Large,2500,4500,3700,2022-03-30
Large,3800,10000,7000,2022-03-31
Large,3500,9000,6300,2022-04-01
Large,7500,9000,8300,2022-04-03
Small,6500,9000,8500,2022-04-04
Large,4500,8100,6300,2022-04-05
Small,6000,10000,7600,2022-04-06
Large,4000,6500,5800,2022-04-07
Large,2500,4600,4000,2022-04-08
Large,4000,9000,6500,2022-04-15
Large,5000,9000,7000,2022-04-17
Large,3000,6000,4600,2022-04-18
Small,5000,11000,8500,2022-04-19
Large,3500,9500,6500,2022-04-20
Large,4000,7000,5500,2022-04-21
Large,2500,6000,4300,2022-04-22
Small,4000,6500,6000,2022-04-23
Large,3500,7000,5250,2022-04-24
Large,10000,13000,12500,2022-04-25
Large,8500,11000,9500,2022-04-26
Large,5500,9500,8200,2022-04-27
Large,4500,9000,7200,2022-04-28
Large,4000,7800,5900,2022-04-29
Large,6000,9000,7400,2022-05-01
Small,6000,10000,8000,2022-05-02
Large,4000,9000,6500,2022-05-03
Large,7600,11000,9500,2022-05-04
Large,5000,10000,8000,2022-05-05
Large,4500,7000,5800,2022-05-07
Large,3500,10000,6800,2022-05-09
Small,4000,6500,6000,2022-05-10
Large,4200,8000,6100,2022-05-11
Large,5000,6500,5700,2022-05-12
Large,3500,6500,5200,2022-05-13
Small,6000,11000,9500,2022-05-15
Large,3500,10500,7000,2022-05-17
Large,4500,7000,6000,2022-05-18
Large,4500,8500,6500,2022-05-19
Large,5000,10000,8000,2022-05-20
Large,4500,7500,6000,2022-05-21
Small,5500,9000,8200,2022-05-22
Large,4000,6500,5300,2022-05-23
Small,6000,9000,7800,2022-05-24
Large,4000,8000,6000,2022-05-25
Large,2500,4400,4000,2022-05-26
Small,4000,8000,6500,2022-05-27
Large,5000,7500,6550,2022-05-28
Large,7000,10000,8500,2022-05-29
Small,6000,9000,7800,2022-05-31
Large,4000,9000,6500,2022-06-01
Large,3000,10000,7000,2022-06-02
Large,6000,10000,8000,2022-06-03
Large,9500,13000,12000,2022-06-04
Large,4000,7000,5500,2022-06-05
Large,4500,8000,7000,2022-06-06
Large,4000,10000,7000,2022-06-07
Large,4000,6000,5500,2022-06-08
Large,9500,13500,12500,2022-06-09
Small,6500,8500,7500,2022-06-10
Large,7500,11000,9700,2022-06-12
Small,6500,10000,8500,2022-06-13
Large,4500,9500,7000,2022-06-15
Large,4000,6500,5800,2022-06-16
Large,5000,7500,6500,2022-06-17
Large,4500,9500,7000,2022-06-18
Large,4200,10000,9100,2022-06-20
Large,3800,8200,6000,2022-06-21
Large,4000,9000,6600,2022-06-22
Large,4000,9000,6500,2022-06-23
Large,4000,10000,7200,2022-06-24
Large,4000,8000,6000,2022-06-25
Large,4000,6500,5500,2022-06-26
Small,4500,6000,5200,2022-06-27
Small,6500,9500,8500,2022-07-02
Large,7000,9200,8100,2022-07-03
Large,3000,6000,4600,2022-07-04
Large,4000,6500,5500,2022-07-05
Large,4000,6500,6000,2022-07-06
Large,5000,12000,9000,2022-07-07
Small,4200,6000,5300,2022-07-08
Large,4000,7000,6500,2022-07-09
Large,5000,6500,5500,2022-07-10
Large,2500,6000,4500,2022-07-11
Large,5000,10000,8000,2022-07-12
Large,3500,5500,4500,2022-07-14
Small,5500,8500,7000,2022-07-15
Large,4000,9000,6500,2022-07-16
Large,3500,6500,5000,2022-07-17
Large,8000,13000,11500,2022-07-18
Large,3000,6500,5000,2022-07-19
Large,8000,10500,9400,2022-07-20
Large,5000,8000,7500,2022-07-21
Large,4500,8000,6300,2022-07-22
Small,6500,10000,8200,2022-07-23
Large,5000,9000,7200,2022-07-24
Large,5000,10000,7500,2022-07-25
Large,4000,10000,7000,2022-07-26
Large,3000,5000,4200,2022-07-27
Large,4000,8000,6000,2022-07-29
Large,4000,7500,6500,2022-07-30
Small,6000,8500,7500,2022-07-31
Large,3500,7500,5500,2022-08-01
Large,8500,11000,9600,2022-08-02
Large,4000,6500,6000,2022-08-03
Large,4500,7500,6000,2022-08-04
Large,3600,7600,5600,2022-08-05
Small,4500,8000,5500,2022-08-06
Large,5000,10000,7500,2022-08-07
Large,5000,8000,7500,2022-08-08
Large,4000,9000,6500,2022-08-09
Large,4000,9000,6500,2022-08-10
Large,4500,9500,7000,2022-08-14
Large,3200,6500,4900,2022-08-15
Large,3500,10000,7200,2022-08-16
Large,4500,8000,6500,2022-08-17
Large,5000,10000,7500,2022-08-18
Large,3000,5500,4400,2022-08-20
Large,5000,10000,8000,2022-08-21
Large,3500,5500,4500,2022-08-22
Small,4000,7000,5000,2022-08-23
Large,4000,6500,6000,2022-08-24
Large,4000,10000,7000,2022-08-25
Large,4000,9000,6500,2022-08-26
Large,4500,9000,7000,2022-08-28
Large,4000,10000,7000,2022-08-29
Small,4500,8000,5800,2022-08-30
Large,7000,8000,7500,2022-08-31
Small,5000,11000,9200,2022-09-01
Large,5000,8000,6800,2022-09-02
Large,3500,9000,6500,2022-09-04
Large,5000,9000,7000,2022-09-05
Large,3000,5500,4500,2022-09-06
Large,3000,5500,4500,2022-09-07
Large,3000,6000,4500,2022-09-08
Large,4500,9500,7000,2022-09-11
Large,4500,8000,6300,2022-09-12
Large,4000,6500,5500,2022-09-13
Large,5000,8000,7600,2022-09-14
Large,3000,6500,4800,2022-09-15
Large,4000,9000,6500,2022-09-24
Large,8000,11000,9500,2022-09-26
Large,5000,9000,7000,2022-09-27
Large,4000,9600,6800,2022-09-28
Large,4000,7500,6000,2022-09-29
Large,3000,6000,4500,2022-10-01
Large,3500,8500,6000,2022-10-02
Large,4500,8000,6500,2022-10-03
Large,4000,6500,5300,2022-10-04
Large,8500,11000,9500,2022-10-05
Large,8500,11000,9500,2022-10-06
Large,4800,8200,6600,2022-10-08
Large,3000,5000,4000,2022-10-10
Large,4000,6500,5300,2022-10-11
Large,4000,6500,5500,2022-10-12
Large,6000,10000,8200,2022-10-13
Large,4000,9000,6500,2022-10-14
Small,6500,10000,8000,2022-10-15
Large,3000,6500,5500,2022-10-16
Large,4000,6500,5600,2022-10-17
Large,3000,10000,6500,2022-10-18
Large,7000,10000,8700,2022-10-19
Large,4200,9500,6900,2022-10-29
Large,4000,6500,5300,2022-10-30
Small,5000,9000,7000,2022-10-31
Large,9000,11000,9500,2022-11-01
Large,7500,11000,9600,2022-11-06
Large,4500,6000,5500,2022-11-07
Medium,0,0,9500,2022-11-09
Large,4500,8500,6500,2022-11-10
Large,4000,7800,5900,2022-11-11
Large,2500,5000,4000,2022-11-12
Large,5000,7000,6500,2022-11-13
Large,4000,8000,6000,2022-11-14
Large,3000,6500,5000,2022-11-15
Large,5500,8200,7600,2022-11-16
Small,5500,8500,6400,2022-11-18
Large,5000,6500,5800,2022-11-19
Large,3000,5000,4200,2022-11-20
Large,8500,10000,9500,2022-11-21
Large,4000,10000,7200,2022-11-22
Large,5000,8500,7000,2022-11-24
Large,4000,7000,5500,2022-11-25
Large,4000,6500,5600,2022-11-26
Large,2600,4600,4000,2022-11-27
Large,3600,7200,5400,2022-11-28
Large,9000,12000,10500,2022-11-29
Large,4500,8500,6500,2022-11-30
Large,4000,7000,5500,2022-12-02
Large,3000,9000,6000,2022-12-03
Large,3500,8500,6000,2022-12-05
Large,3000,4600,4200,2022-12-06
Large,3500,7000,5300,2022-12-07
Large,3500,6500,5000,2022-12-09
Large,3500,6000,4800,2022-12-10
Large,4000,9600,6800,2022-12-11
Large,6500,11000,9000,2022-12-12
Large,4000,6500,5500,2022-12-13
Large,4000,7000,5500,2022-12-14
Large,6000,8000,7000,2022-12-15
Large,4000,6500,5500,2022-12-16
Large,3500,6500,4800,2022-12-17
Large,3500,8000,5800,2022-12-18
Large,4500,9000,6800,2022-12-19
Large,4000,6500,6000,2022-12-20
Large,4000,6500,5300,2022-12-21
Large,4000,10000,7200,2022-12-22
Large,5000,7500,6500,2022-12-24
Large,5000,0,5600,2022-12-25
Large,4000,12000,8000,2022-12-26
Large,4000,8200,6100,2022-12-27
Large,3500,7500,5500,2022-12-28
Large,4600,9000,6800,2022-12-29
Large,4000,8000,6500,2022-12-30
Small,2800,5000,4300,2022-12-31
Large,4000,10000,7000,2023-01-01
Small,6000,9500,7800,2023-01-02
Large,6500,13000,9800,2023-01-03
Large,5000,8000,5600,2023-01-04
Large,4000,10000,7000,2023-01-05
Large,5000,9000,7000,2023-01-07
Large,5000,7000,6500,2023-01-08
Large,4000,6500,5500,2023-01-10
Small,4000,7000,6500,2023-01-11
Small,5000,6800,5500,2023-01-12
Large,5000,7000,6000,2023-01-13
Large,4000,6000,5000,2023-01-14
Large,5000,7000,6000,2023-01-15
Large,3500,6000,5000,2023-01-16
Large,5000,7000,6000,2023-01-17
Large,3500,10000,6800,2023-01-20
Large,7800,11000,9600,2023-01-22
Large,3000,6500,4800,2023-01-23
Large,5000,6000,5500,2023-01-24
Large,4000,9000,6500,2023-01-25
Small,6000,7500,6600,2023-01-27
Small,7000,11000,9500,2023-01-28
Large,4000,10000,7000,2023-01-29
Large,4000,9000,6800,2023-01-30
Large,3500,10000,7000,2023-01-31
Large,2500,4500,4050,2023-02-01
Large,4000,8000,6000,2023-02-02
Large,4000,9000,6500,2023-02-03
Large,3500,9000,6300,2023-02-04
Large,4000,7000,6000,2023-02-06
Small,6000,8000,7200,2023-02-07
Large,8500,11000,10000,2023-02-08
Large,4000,10000,7000,2023-02-09
Large,4000,9500,8200,2023-02-10
Large,5500,9500,7500,2023-02-11
Large,5000,6500,6000,2023-02-12
Large,4000,10000,7000,2023-02-13
Large,4000,9000,6600,2023-02-14
Large,4500,9500,7000,2023-02-15
Large,6500,11000,9500,2023-02-16
Small,6000,7500,6500,2023-02-17
Large,4000,8000,6100,2023-02-18
Large,4500,9000,6800,2023-02-19
Large,6000,7000,6500,2023-02-21
Large,7500,11000,9500,2023-02-22
Large,4500,8500,6500,2023-02-23
Large,7500,10000,9000,2023-02-24
Large,4000,6500,5500,2023-02-26
Large,4000,6500,5800,2023-02-27
Large,3500,6000,4800,2023-02-28
Large,6500,11000,9000,2023-03-01
Large,4000,11000,7500,2023-03-02
Large,4500,6500,5500,2023-03-05
Large,3500,6500,5100,2023-03-06
Large,7500,10000,9500,2023-03-08
Large,3000,6500,5000,2023-03-09
Large,5000,10000,7500,2023-03-10
Large,4000,8000,6000,2023-03-11
Large,4400,6500,5000,2023-03-12
Large,4500,9000,6800,2023-03-13
Large,4500,8500,6500,2023-03-14
Large,9500,12000,11500,2023-03-19
Large,3500,6500,5500,2023-03-20
Small,7000,14000,9000,2023-03-21
Large,3000,6500,5200,2023-03-22
Large,4000,7000,5500,2023-03-24
Large,4000,7000,6000,2023-03-26
Large,7000,7500,7200,2023-03-27
Large,4000,11000,7500,2023-03-28
Large,4000,10000,7000,2023-04-01
Large,4000,8400,6200,2023-04-02
Large,5000,9000,7000,2023-04-03
Small,6000,10000,7500,2023-04-04
Large,2500,6000,4300,2023-04-05
Large,5000,9000,7000,2023-04-07
Large,3500,6500,5000,2023-04-08
Large,6500,11000,9000,2023-04-09
Large,7000,9000,8500,2023-04-10
Small,4000,8000,6500,2023-04-11
Large,3500,6000,5000,2023-04-12
Large,4000,6500,6000,2023-04-18
Large,5000,10000,7500,2023-04-19
Large,3500,6500,5000,2023-04-21
Large,4000,8000,6000,2023-04-22
Large,5000,11000,8000,2023-04-23
Large,6000,9000,7500,2023-04-24
Large,4000,8000,6000,2023-04-25
Large,4000,6500,6000,2023-04-26
Large,9500,13500,12000,2023-04-27
Large,4000,6500,6000,2023-04-28
Large,4000,6000,5000,2023-04-29
Large,3000,8000,5500,2023-04-30
Large,3500,6000,4750,2023-05-01
Large,2500,5500,4100,2023-05-02
Large,5500,10000,8000,2023-05-03
Large,2500,6500,4500,2023-05-04
Large,3500,8500,6000,2023-05-06
Large,5500,8000,6550,2023-05-07
Large,4000,6500,6200,2023-05-08
Large,7800,11000,9500,2023-05-09
Large,8500,11000,9500,2023-05-10
Large,4500,9500,7000,2023-05-11
Large,2500,4500,4000,2023-05-13
Large,4000,9000,6500,2023-05-14
Large,8500,11000,9500,2023-05-15
Large,3500,5500,4500,2023-06-12
Large,4000,8000,6000,2023-06-13
Large,4500,9000,7000,2023-06-14
Small,8000,11000,9000,2023-06-15
Large,5500,9500,7550,2023-06-16
Large,6500,11000,9200,2023-06-17
Small,8000,14000,10000,2023-06-19
Large,5000,7500,6500,2023-06-20
Large,4000,7000,6500,2023-06-21
Large,3000,6000,5500,2023-06-22
Small,4000,7000,6500,2023-06-23
Large,4500,10000,7300,2023-06-24
Large,3500,5500,4500,2023-06-26
Large,5500,9500,8500,2023-06-27
Large,3800,11000,7400,2023-06-28
Large,4500,9500,7200,2023-06-30
Large,4800,7200,6500,2023-07-01
Large,4000,10000,7000,2023-07-02
Large,4500,9000,6800,2023-07-04
Large,7500,10000,9200,2023-07-05
Large,4000,9000,6500,2023-07-06
Large,4000,6500,5500,2023-07-07
Large,3500,6300,4900,2023-07-08
Large,9500,13000,11500,2023-07-09
Large,3000,6000,4500,2023-07-10
Large,5000,10000,7500,2023-07-11
Large,4000,7000,5500,2023-07-12
Large,4200,8000,6100,2023-07-13
Large,5000,9000,7000,2023-07-14
Large,4000,9000,6500,2023-07-16
Small,6500,10000,8500,2023-07-18
Small,6000,9000,8000,2023-07-19
Large,3500,6500,5500,2023-07-20
Large,4500,9500,7000,2023-07-21
Small,6000,9000,7000,2023-07-22
Small,7000,11000,8500,2023-07-23
Large,2800,5200,4500,2023-07-24
Large,4500,8000,6300,2023-07-25
Small,7000,10000,8500,2023-07-26
Large,5000,8000,6500,2023-07-27
Small,4500,7000,5500,2023-07-28
Small,5000,7500,6500,2023-07-29
Large,4500,9000,6800,2023-07-30
Large,4000,9000,6500,2023-07-31
Large,4200,8000,6100,2023-08-02
Large,5000,10000,7500,2023-08-03
Large,4000,7000,6000,2023-08-04
Large,4000,6000,5500,2023-08-05
Small,6500,10000,8000,2023-08-06
Small,6500,9000,8000,2023-08-07
Large,5000,7500,6500,2023-08-08
Large,4500,7800,6200,2023-08-09
Large,3500,7500,5500,2023-08-10
Large,6500,10000,8500,2023-08-11
Large,4000,9000,6500,2023-08-12
Large,4000,6000,5000,2023-08-13
Large,3000,8000,5500,2023-08-14
Large,4500,8500,6300,2023-08-16
Large,3000,8000,5500,2023-08-17
Large,3500,7000,5250,2023-08-18
Large,4500,8500,6500,2023-08-21
Large,3500,7000,5300,2023-08-22
Large,3000,6000,5000,2023-08-23
Large,3400,6400,5100,2023-08-24
Large,4000,6500,5300,2023-08-25
Large,4000,6500,5500,2023-08-26
Large,5000,9000,7000,2023-08-28
Large,5000,8000,6500,2023-08-29
Large,7600,11000,9600,2023-09-01
Large,4500,6500,5500,2023-09-02
Large,3600,7800,5700,2023-09-03
Large,4000,9000,6500,2023-09-04
Large,4000,10000,7000,2023-09-05
Large,5000,8000,7500,2023-09-08
Large,4500,8500,6500,2023-09-09
Small,6500,10000,8000,2023-09-10
Large,4000,8000,6000,2023-09-11
Large,4000,6500,5600,2023-09-12
Small,5400,6300,5700,2023-09-13
Large,4500,8500,6500,2023-09-14
Large,3500,6000,4800,2023-09-16
Small,7000,11000,9000,2023-09-17
Large,2500,6000,4300,2023-09-18
Large,4000,7000,6000,2023-09-19
Large,6000,7000,6500,2023-09-21
Large,4200,8200,6200,2023-09-22
Small,3600,5700,4600,2023-09-25
Large,4000,6500,5500,2023-09-26
Large,3500,5500,4500,2023-09-27
Large,3600,7500,5600,2023-10-02
Large,4000,8000,6000,2023-10-03
Large,8500,11000,10000,2023-10-04
Large,3000,6000,4800,2023-10-05
Large,3500,7000,5300,2023-10-06
Large,4000,8000,6000,2023-10-07
Large,4000,8000,6200,2023-10-08
Large,4000,8800,6400,2023-10-09
Large,4500,9000,6800,2023-10-10
Large,2700,4500,4350,2023-10-11
Large,6000,10000,8200,2023-10-12
Large,4000,6500,5500,2023-10-13
Large,5000,7000,6500,2023-10-16
Large,4000,6500,5500,2023-10-17
Large,4500,10000,7300,2023-10-18
Large,4500,7000,5800,2023-10-19
Large,3400,7000,5200,2023-10-20
Large,3000,5000,4000,2023-10-21
Large,5000,10000,7500,2023-10-22
Large,4000,7000,5200,2023-10-23
Large,3200,6000,4600,2023-10-24
Large,4000,6500,5600,2023-10-26
Large,3000,6500,4800,2023-10-27
Small,5000,9000,8000,2023-10-29
Large,6500,9000,8200,2023-10-30
Large,5000,6500,6000,2023-10-31
Large,7500,10000,9200,2023-11-01
Large,3000,6000,4500,2023-11-02
Large,8000,11000,9600,2023-11-03
Small,5500,9000,6500,2023-11-04
Small,8000,11000,9500,2023-11-05
Large,4000,6500,6000,2023-11-06
Large,4000,6500,6000,2023-11-07
Large,4000,6500,4500,2023-11-08
Large,6000,11000,9500,2023-11-09
Large,4000,6000,5000,2023-11-15
Large,5000,10000,7500,2023-11-16
Large,4000,6500,5600,2023-11-17
Large,3500,7500,5500,2023-11-20
Large,4000,9000,6500,2023-11-21
Large,3000,6000,4500,2023-11-28
Large,4000,7200,5600,2023-11-29
Large,5000,9000,8500,2023-11-30
Large,4000,8500,6300,2023-12-01
Large,6500,12000,10500,2023-12-02
Large,5000,9000,7000,2023-12-03
Large,3500,6000,5200,2023-12-04
Small,6500,10000,7500,2023-12-05
Large,5000,7000,6500,2023-12-06
Large,3000,5500,4500,2023-12-07
Small,6500,10000,9200,2023-12-08
Large,4000,5000,4500,2023-12-09
Large,6500,11000,9500,2023-12-13
Large,4000,8000,6200,2023-12-14
Large,5000,7500,5500,2023-12-15
Large,4000,7000,5800,2023-12-18
Large,3500,9500,6500,2023-12-19
Large,4000,6000,5500,2023-12-20
Large,5000,10000,7500,2023-12-21
Small,7000,12000,9000,2023-12-22
Large,3000,6500,5000,2023-12-27
Small,3500,5600,4300,2023-12-28
Large,6000,10000,8500,2023-12-29
Large,4000,8000,6000,2023-12-30
Large,4000,6500,5300,2023-12-31
Large,6000,12000,9000,2024-01-03
Small,4000,7000,6000,2024-01-04
Large,4500,7500,7000,2024-01-05
Large,4000,9000,6500,2024-01-06
Large,3000,5000,4200,2024-01-07
Large,3500,10000,7000,2024-01-08
Large,4000,8000,6500,2024-01-09
Large,5000,12000,8500,2024-01-10
Large,7500,10000,9200,2024-01-12
Small,4000,6000,4500,2024-01-13
Large,6500,9000,8000,2024-01-14
Small,4000,5500,4600,2024-01-15
Large,3600,9000,6300,2024-01-16
Large,7500,11000,9500,2024-01-17
Large,5000,11000,8000,2024-01-22
Large,5000,10000,7500,2024-01-23
Large,3600,7800,5700,2024-01-24
Large,2400,5500,4400,2024-01-26
Small,6500,10000,9000,2024-01-27
Large,5500,7500,6500,2024-01-28
Large,4000,7500,5750,2024-01-29
Large,3500,7000,5500,2024-01-31
Large,4000,10000,7000,2024-02-01
Large,8000,10000,9000,2024-02-02
Large,7500,11000,9400,2024-02-03
Small,4000,5500,4400,2024-02-04
Large,4000,8500,6250,2024-02-05
Large,4500,7500,6200,2024-02-06
Large,3500,6000,5000,2024-02-07
Large,7000,9000,8000,2024-02-10
Large,3500,7500,5500,2024-02-11
Large,4000,6500,5800,2024-02-12
Small,4500,8000,7500,2024-02-13
Large,3000,6000,4500,2024-02-14
Large,2500,6000,4300,2024-02-15
Small,6500,9000,8500,2024-02-19
Large,3500,8500,6000,2024-02-20
Large,5000,6500,5500,2024-02-21
Large,5000,8000,6500,2024-02-22
Large,4000,9000,8000,2024-02-23
Large,5500,9500,8000,2024-02-26
Small,6500,10000,9000,2024-02-27
Large,6500,13000,10000,2024-02-28
Large,4000,11000,8000,2024-02-29
Large,7500,11000,9800,2024-03-01
Large,4500,8000,6300,2024-03-02
Large,2500,5000,4500,2024-03-03
Large,4500,7500,6500,2024-03-04
Large,4000,7500,6500,2024-03-05
Large,7500,10000,9200,2024-03-06
Large,3500,6500,5500,2024-03-07
Large,3500,6500,5200,2024-03-08
Large,4500,8500,6500,2024-03-09
Large,5000,8500,8000,2024-03-11
Large,4000,7000,5500,2024-03-12
Large,3000,6000,5000,2024-03-13
Large,2500,5000,4450,2024-03-14
Large,4000,8200,6100,2024-03-15
Large,2500,4500,4000,2024-03-16
Large,4000,6500,6200,2024-03-17
Large,4000,6500,6000,2024-03-18
Large,4000,6500,5300,2024-03-19
Large,2500,5500,4000,2024-03-20
Large,4500,8000,6300,2024-03-21
Large,3500,6000,4800,2024-03-22
Large,3000,6500,5000,2024-03-26
Large,9500,13500,12500,2024-03-27
Large,7500,9500,8600,2024-03-28
Large,5000,10000,7500,2024-03-29
Large,8000,11000,9600,2024-03-30
Large,4000,11000,7500,2024-04-02
Large,4000,9000,6500,2024-04-03
Large,5000,11000,8000,2024-04-06
Large,8000,11000,9800,2024-04-07
Large,6000,13500,10000,2024-04-08
Large,5500,9500,8500,2024-04-09
Small,6000,8500,7400,2024-04-11
Large,4000,7000,6500,2024-04-12
Small,5000,8000,7000,2024-04-16
Large,3500,6000,4800,2024-04-18
Large,4500,9000,6800,2024-04-19
Large,4200,9000,6600,2024-04-20
Large,7500,11000,9500,2024-04-21
Small,3800,6000,5000,2024-04-22
Large,4000,9000,6500,2024-04-24
Large,3500,6500,5200,2024-04-25
Large,3000,6000,4500,2024-04-27
Large,7500,10000,9000,2024-04-28
Small,6500,9500,8500,2024-04-29
Large,5000,7500,7000,2024-04-30
Large,7500,10000,9200,2024-05-01
Large,4500,10000,7300,2024-05-02
Large,4000,6500,6000,2024-05-03
Large,7500,9500,8500,2024-05-04
Large,3500,5500,4600,2024-05-05
Small,5500,9000,7800,2024-05-06
Large,3000,5000,4200,2024-05-07
Large,3500,6500,5000,2024-05-09
Large,5000,7500,6500,2024-05-10
Small,5500,8000,7200,2024-05-11
Large,5000,7500,6500,2024-05-12
Large,2800,6000,4400,2024-05-13
Large,6500,13000,9600,2024-05-14
Large,5000,10000,7500,2024-05-15
Large,8000,9000,8500,2024-05-16
Large,4000,6500,6000,2024-05-17
Large,3500,5000,4500,2024-05-18
Large,4000,6500,5300,2024-05-19
Large,3500,6500,5000,2024-05-20
Large,4000,9000,7200,2024-05-21
Large,3000,5500,4500,2024-05-22
Large,6800,9200,8000,2024-05-24
Large,4000,9000,6600,2024-05-25
Large,4000,9000,8500,2024-05-27
Large,4000,9000,6500,2024-05-28
Large,4500,9000,6800,2024-05-29
Large,3000,5000,4000,2024-05-30
Large,2500,4500,3750,2024-05-31
Large,5000,6000,5500,2024-06-03
Large,4000,6500,5300,2024-06-04
Large,4000,6500,5600,2024-06-05
Small,7500,11000,9000,2024-06-07
Large,3600,7000,5300,2024-06-08
Large,5000,7500,7000,2024-06-09
Large,3500,7500,5500,2024-06-10
Large,7000,10000,8600,2024-06-11
Large,5500,10000,8500,2024-06-12
Large,4000,7000,6500,2024-06-13
Large,7500,10000,9500,2024-06-14
Large,4000,8800,6400,2024-06-17
Large,5000,10000,7500,2024-06-18
Large,4000,8000,6000,2024-06-19
Large,4000,6500,5300,2024-06-20
Large,5000,11000,8000,2024-06-21
Large,4500,9000,6800,2024-06-23
Large,6500,11000,9000,2024-06-24
Large,4500,8500,6800,2024-06-25
Large,3500,6000,4800,2024-06-26
Large,4000,6500,5300,2024-06-27
Small,8000,11000,9500,2024-06-28
Large,6000,10000,9200,2024-06-29
Large,4500,8500,6500,2024-07-02
Large,5000,7500,6000,2024-07-03
Large,2300,5500,4450,2024-07-04
Large,4500,9000,6800,2024-07-06
Large,5000,8500,6800,2024-07-07
Large,4200,9000,6700,2024-07-08
Large,4000,8500,6300,2024-07-09
Large,6800,9200,8100,2024-07-10
Large,4000,8000,6000,2024-07-11
Small,5000,8000,6000,2024-07-12
Large,4000,7600,5800,2024-07-13
Large,5000,7000,6500,2024-07-14
Large,2500,4500,4000,2024-07-15
Large,4000,9000,7000,2024-07-16
Large,5500,7500,6550,2024-07-18
Large,4500,8500,6500,2024-07-19
Large,5000,8000,6500,
Small,3500,5000,4200,
