"Min,Max,Modal PriceAjmer(F&V) from 01-Jan-2014To20-Aug-2024 (Total-2279) (Total-2279)",,,,,
Sl no.,Commodity,Min Price (Rs./Quintal),Max Price (Rs./Quintal),Modal Price (Rs./Quintal),Price Date
1,Garlic,3000,7000,5000,27-Aug-19
2,Garlic,12000,17000,15500,26-Feb-24
3,Garlic,5000,9000,8500,26-Oct-16
4,Garlic,3000,5500,4500,08-Aug-15
5,Garlic,8000,9000,8500,08-Feb-17
6,Garlic,700,2200,1500,28-Nov-18
7,Garlic,3000,6500,4800,04-May-19
8,Garlic,4000,6200,5100,20-Nov-21
9,Garlic,2800,6000,4400,07-May-23
10,Garlic,4200,9000,6600,18-Dec-20
11,Garlic,3000,5600,4300,27-Mar-23
12,Garlic,6000,13000,11000,07-Jan-24
13,Garlic,800,2400,1600,11-Sep-22
14,Garlic,1000,4000,3000,28-Sep-17
15,Garlic,2000,4500,4100,20-Mar-18
16,Garlic,3000,6500,4750,18-Aug-21
17,Garlic,10000,11000,10500,28-Jan-17
18,Garlic,1000,3000,2000,22-Nov-22
19,Garlic,1500,4000,3000,22-Oct-14
20,Garlic,1500,4000,3700,27-Nov-17
21,Garlic,1000,2000,1600,15-Jun-18
22,Garlic,3000,8000,5500,29-Aug-19
23,Garlic,5000,12500,8800,08-Apr-24
24,Garlic,3000,5000,4000,07-Feb-16
25,Garlic,1000,4000,3500,10-Oct-17
26,Garlic,3000,5000,3800,11-Feb-15
27,Garlic,1000,2500,1800,20-Jan-19
28,Garlic,3000,8000,5500,06-Jul-19
29,Garlic,4000,9000,6500,21-Jan-21
30,Garlic,1800,3200,2700,29-Nov-17
31,Garlic,2500,4000,3250,21-Feb-22
32,Garlic,700,2000,1350,03-Oct-22
33,Garlic,6000,15000,11000,16-May-24
34,Garlic,600,1800,1200,19-Dec-18
35,Garlic,2000,5000,3500,12-May-22
36,Garlic,2500,5000,4500,10-Apr-17
37,Garlic,3000,7000,5200,20-Jul-19
38,Garlic,1500,3500,3200,05-Jul-14
39,Garlic,1000,2600,2000,19-May-18
40,Garlic,3000,6500,4800,26-Jun-19
41,Garlic,5000,11000,8000,21-Oct-20
42,Garlic,700,2800,1800,10-Jan-23
43,Garlic,2000,6500,5000,27-May-17
44,Garlic,4000,9000,6500,24-Dec-20
45,Garlic,1000,2500,2000,13-May-18
46,Garlic,7000,14000,10500,21-Sep-23
47,Garlic,8000,15000,12000,06-Oct-23
48,Garlic,6000,15000,11000,19-Apr-24
49,Garlic,1000,2800,1900,15-Jul-22
50,Garlic,3000,5000,4500,21-Apr-16
51,Garlic,8000,10000,9000,01-Dec-16
52,Garlic,900,1200,1100,18-Jan-16
53,Garlic,3000,6000,4500,24-Sep-21
54,Garlic,3000,6500,4750,03-Apr-21
55,Garlic,8000,10000,9000,27-Dec-16
56,Garlic,1200,3500,2500,29-Nov-22
57,Garlic,1500,4500,3500,09-Dec-17
58,Garlic,1000,2400,2100,12-Jun-18
59,Garlic,4000,6500,5800,10-May-20
60,Garlic,1000,3200,2100,09-Feb-23
61,Garlic,3000,5000,4500,19-Apr-16
62,Garlic,2500,5000,4300,04-Apr-18
63,Garlic,2500,6000,4300,23-Jun-19
64,Garlic,3000,6000,4500,13-Jan-22
65,Garlic,1500,5000,4000,10-Nov-17
66,Garlic,2000,4400,3200,08-Jun-22
67,Garlic,1500,5000,4200,18-Nov-17
68,Garlic,2000,4200,3100,21-Jul-22
69,Garlic,1500,4000,3200,18-Aug-17
70,Garlic,700,2500,2000,29-Mar-19
71,Garlic,6000,12000,9000,18-Jan-17
72,Garlic,1000,2400,2000,26-May-18
73,Garlic,4000,6500,5500,28-May-20
74,Garlic,1500,2500,2000,01-Feb-14
75,Garlic,1500,3000,2400,30-May-14
76,Garlic,2500,6000,5000,01-Jun-17
77,Garlic,3000,6500,6000,22-May-16
78,Garlic,3000,5500,4500,06-Aug-15
79,Garlic,1500,3000,2500,23-Dec-14
80,Garlic,1800,4000,2800,22-Mar-15
81,Garlic,1500,4500,3800,31-Mar-15
82,Garlic,1500,4000,3800,11-Sep-17
83,Garlic,2400,6000,4200,04-Apr-22
84,Garlic,700,3300,2100,28-Feb-23
85,Garlic,800,3000,2000,14-Nov-14
86,Garlic,1500,3500,2800,18-Jul-14
87,Garlic,1200,2700,2000,24-Jul-18
88,Garlic,1000,3200,2100,15-Aug-22
89,Garlic,700,2600,1700,02-Sep-22
90,Garlic,800,2200,1600,09-Feb-14
91,Garlic,4000,8000,7500,19-Jan-16
92,Garlic,3000,7500,5300,28-Jul-19
93,Garlic,800,2800,1800,17-Oct-22
94,Garlic,800,2800,1800,26-Dec-22
95,Garlic,1000,3500,2500,20-Apr-19
96,Garlic,4000,6000,5750,25-Sep-15
97,Garlic,500,2000,1400,01-Mar-19
98,Garlic,1500,5000,4300,14-Nov-17
99,Garlic,4500,10000,7250,30-Sep-20
100,Garlic,4500,10500,7500,07-Nov-20
101,Garlic,800,2900,1900,19-Oct-22
102,Garlic,1000,2800,2200,12-Aug-18
103,Garlic,3000,5500,4850,09-Apr-16
104,Garlic,2000,5000,3200,18-Feb-15
105,Garlic,4000,6000,5000,06-Mar-20
106,Garlic,4000,7500,6000,04-Sep-15
107,Garlic,1000,2200,1600,20-Aug-22
108,Garlic,1500,2600,2200,31-Jan-14
109,Garlic,7000,9000,8000,30-Nov-16
110,Garlic,600,2000,1300,02-Jan-23
111,Garlic,800,2800,1800,14-Feb-23
112,Garlic,4000,9000,6500,17-Dec-20
113,Garlic,3000,6000,4500,21-Dec-21
114,Garlic,1800,5000,3400,18-May-22
115,Garlic,1500,3000,2500,31-May-14
116,Garlic,4000,6000,5000,14-Jul-20
117,Garlic,3000,6000,4500,25-Aug-21
118,Garlic,2500,5000,4200,17-Apr-17
119,Garlic,16000,28000,22000,13-Feb-24
120,Garlic,8000,10500,10000,30-Dec-15
121,Garlic,1000,4000,2600,06-Dec-22
122,Garlic,800,2600,2000,22-Feb-23
123,Garlic,1500,4000,3500,21-Aug-17
124,Garlic,4200,6800,6500,06-Feb-21
125,Garlic,1000,2600,2200,08-Nov-14
126,Garlic,1000,3000,2000,27-Aug-18
127,Garlic,1500,4500,4000,20-Dec-17
128,Garlic,3200,6800,5000,23-Nov-21
129,Garlic,1500,5000,4200,15-Jun-15
130,Garlic,1500,2800,2400,20-Jun-14
131,Garlic,1500,4500,3800,23-Sep-14
132,Garlic,4500,10000,7200,12-Oct-20
133,Garlic,3000,6000,4500,27-Dec-21
134,Garlic,1500,3500,2700,02-Sep-17
135,Garlic,800,2800,1800,14-Oct-22
136,Garlic,1500,2500,2200,23-Jun-14
137,Garlic,7000,9000,8200,18-Feb-17
138,Garlic,3000,5000,4000,03-Jan-22
139,Garlic,1000,3000,2000,05-Aug-22
140,Garlic,3500,5000,4500,13-Apr-16
141,Garlic,4000,5500,4800,27-Jun-20
142,Garlic,6000,16000,11000,21-Jun-24
143,Garlic,8000,17000,12500,27-Jul-24
144,Garlic,4000,6000,5700,23-Sep-15
145,Garlic,2500,4500,3500,27-Mar-22
146,Garlic,1500,3500,3200,06-Aug-17
147,Garlic,1000,2200,2000,01-Jun-18
148,Garlic,3000,7000,5000,30-Apr-19
149,Garlic,1400,3000,2200,01-Aug-22
150,Garlic,2000,5000,4000,07-May-17
151,Garlic,1200,3000,2100,20-Aug-18
152,Garlic,1500,5500,4500,26-Oct-17
153,Garlic,2000,5500,4200,14-May-17
154,Garlic,800,3000,2000,28-Dec-22
155,Garlic,3000,6000,4800,20-Jun-23
156,Garlic,5000,10000,7500,23-Sep-20
157,Garlic,15000,25000,22000,11-Feb-24
158,Garlic,1500,3800,3200,20-Aug-17
159,Garlic,3000,5000,4000,01-Feb-22
160,Garlic,1000,2400,2000,03-Mar-14
161,Garlic,3200,6600,4900,05-Apr-21
162,Garlic,4000,6000,5200,26-Aug-15
163,Garlic,3500,8000,5750,05-Jan-21
164,Garlic,3500,6500,5000,12-Nov-21
165,Garlic,3000,5000,4000,08-Jan-22
166,Garlic,2000,5000,3000,22-Feb-15
167,Garlic,2500,7000,4800,25-Apr-19
168,Garlic,1000,2000,1700,29-Mar-14
169,Garlic,2000,5000,4600,22-May-17
170,Garlic,600,2000,1300,29-Sep-22
171,Garlic,5000,7500,6000,09-Sep-16
172,Garlic,2200,5000,3600,05-Jul-22
173,Garlic,500,1500,1000,24-Feb-19
174,Garlic,1500,4500,3600,02-Jul-15
175,Garlic,4500,9500,7000,28-Sep-20
176,Garlic,700,2300,1500,04-Jan-23
177,Garlic,4500,9500,7500,16-Mar-24
178,Garlic,3200,6000,4600,26-Mar-23
179,Garlic,1500,5000,4200,08-Jun-15
180,Garlic,3000,6000,4000,19-Aug-15
181,Garlic,3000,7000,5100,22-Jul-19
182,Garlic,4000,6000,5000,26-Feb-20
183,Garlic,3000,7000,5000,03-Sep-19
184,Garlic,4000,7000,5500,10-Dec-15
185,Garlic,6000,15000,10500,25-May-24
186,Garlic,1500,2500,2100,30-Jan-14
187,Garlic,4000,6000,5000,25-Oct-15
188,Garlic,7500,9000,8300,15-Feb-17
189,Garlic,4000,6000,5500,08-Oct-15
190,Garlic,3000,6200,4600,27-Jun-23
191,Garlic,2500,5000,4600,18-May-16
192,Garlic,2500,6000,4500,25-May-17
193,Garlic,2500,4800,3800,21-Mar-17
194,Garlic,700,1800,1500,18-Sep-18
195,Garlic,500,1800,1300,11-Jan-19
196,Garlic,4000,6400,5200,14-Nov-21
197,Garlic,3000,6000,4800,12-May-23
198,Garlic,1500,4500,4000,21-Nov-17
199,Garlic,14000,26000,20000,04-Feb-24
200,Garlic,1000,2500,2100,05-May-18
201,Garlic,4500,9500,7000,21-Dec-20
202,Garlic,800,2000,1500,06-Nov-18
203,Garlic,3000,8000,5500,30-Aug-19
204,Garlic,2000,5000,3500,20-Feb-15
205,Garlic,2500,5000,4000,17-May-19
206,Garlic,1200,3000,2400,10-Jan-15
207,Garlic,3000,5000,4000,06-Mar-16
208,Garlic,7000,15000,12000,04-Jul-24
209,Garlic,2000,3000,2400,21-Jan-14
210,Garlic,8000,14000,11500,17-Sep-23
211,Garlic,1500,4500,3500,09-Oct-14
212,Garlic,6500,14000,11000,20-Nov-23
213,Garlic,2000,5000,4600,24-Jul-17
214,Garlic,3000,8000,5500,29-Dec-20
215,Garlic,2500,5500,4000,11-Apr-23
216,Garlic,7000,14000,11000,07-Jun-24
217,Garlic,2000,5000,4000,02-May-17
218,Garlic,7000,15000,11000,22-Apr-24
219,Garlic,1200,3000,2100,31-Jul-22
220,Garlic,2000,4500,4000,30-Jun-17
221,Garlic,1500,5000,4200,15-Nov-17
222,Garlic,1000,3000,2000,16-Jul-22
223,Garlic,1500,4000,3000,01-Jul-14
224,Garlic,1000,2200,2000,19-Jun-18
225,Garlic,1200,3500,2100,01-Nov-14
226,Garlic,1200,3500,2400,16-Dec-14
227,Garlic,3500,6500,5500,02-Mar-17
228,Garlic,1100,2800,2400,12-Jul-18
229,Garlic,3200,7000,5100,24-Feb-21
230,Garlic,1000,2500,2000,22-May-18
231,Garlic,4000,6000,5000,26-Oct-15
232,Garlic,1000,2800,1900,16-Aug-18
233,Garlic,700,2800,1800,21-Dec-22
234,Garlic,6000,15000,11000,18-Jun-24
235,Garlic,3500,5500,4500,07-Jun-20
236,Garlic,2000,5000,4200,05-May-17
237,Garlic,8000,15000,12000,09-Sep-23
238,Garlic,5000,8500,8200,30-Sep-16
239,Garlic,1000,2800,2300,14-Jul-18
240,Garlic,1200,2800,2200,23-Jul-18
241,Garlic,1500,4000,3000,26-Jul-14
242,Garlic,8000,13000,10500,20-May-24
243,Garlic,4800,10000,7400,03-Oct-20
244,Garlic,1300,4000,3600,10-Sep-17
245,Garlic,4000,6000,5000,28-Jun-20
246,Garlic,6000,13000,10000,22-Sep-23
247,Garlic,1000,2200,2000,01-Mar-14
248,Garlic,600,1800,1450,13-Jan-19
249,Garlic,7500,16000,12500,20-Dec-23
250,Garlic,2000,5000,4500,19-May-17
251,Garlic,3500,6000,4800,03-Jun-20
252,Garlic,2000,4500,3600,09-Jul-15
253,Garlic,1000,2900,2000,23-Aug-18
254,Garlic,800,3000,2000,11-Jan-23
255,Garlic,4000,7000,5500,21-Sep-21
256,Garlic,7000,16000,12000,20-Jul-24
257,Garlic,1200,2400,2200,12-Mar-14
258,Garlic,6000,9500,9000,08-Jul-16
259,Garlic,8000,14000,11000,12-Oct-23
260,Garlic,7000,14000,11000,09-Nov-23
261,Garlic,1500,4500,3800,07-Dec-17
262,Garlic,600,1800,1300,20-Sep-18
263,Garlic,3000,6000,4500,07-May-19
264,Garlic,1500,2200,1900,12-Apr-14
265,Garlic,5000,8000,7500,30-Aug-16
266,Garlic,1000,4000,2500,12-Mar-23
267,Garlic,3000,6400,4700,14-May-23
268,Garlic,2000,4500,4200,20-Jun-17
269,Garlic,1200,3000,2400,01-Jan-15
270,Garlic,5200,11000,8100,05-Sep-20
271,Garlic,1800,4800,3300,10-Jul-22
272,Garlic,7000,18000,13000,28-Jul-24
273,Garlic,6000,9000,8000,28-Feb-17
274,Garlic,1000,2400,2200,26-Jul-18
275,Garlic,3000,5200,4100,31-Dec-21
276,Garlic,1000,2400,2000,25-Feb-14
277,Garlic,4000,6000,5200,13-Oct-15
278,Garlic,4000,8000,6500,11-Jan-16
279,Garlic,4000,6000,5300,28-Aug-15
280,Garlic,2000,4000,3600,27-Apr-16
281,Garlic,2000,4500,4200,21-Mar-18
282,Garlic,4000,7000,5500,13-Mar-20
283,Garlic,700,2000,1500,28-Oct-18
284,Garlic,4500,9500,7000,27-Dec-20
285,Garlic,1000,3800,2400,02-Dec-22
286,Garlic,4000,6000,5300,02-Sep-15
287,Garlic,5000,7000,6500,25-Jan-16
288,Garlic,4500,6500,5500,02-Jun-20
289,Garlic,1500,5000,4200,16-Sep-14
290,Garlic,4000,10000,7000,22-Oct-20
291,Garlic,4000,6500,5300,17-Jun-20
292,Garlic,5000,13000,10000,01-Jul-24
293,Garlic,1500,3000,2600,14-Jun-14
294,Garlic,7000,13000,12000,04-Jan-24
295,Garlic,5000,10000,7500,11-Oct-20
296,Garlic,2800,6200,4500,17-Jun-23
297,Garlic,4500,9500,7500,12-Mar-24
298,Garlic,1000,2500,2100,08-May-18
299,Garlic,3000,5000,4500,16-Mar-16
300,Garlic,6000,15000,11000,27-May-24
301,Garlic,2000,5500,4200,24-May-17
302,Garlic,1500,4500,3800,08-Oct-14
303,Garlic,3500,6000,4800,07-Jul-20
304,Garlic,4500,9500,7000,24-Sep-20
305,Garlic,700,2300,1500,24-Sep-22
306,Garlic,1000,2200,2000,06-Mar-14
307,Garlic,1200,3000,2400,20-Nov-14
308,Garlic,5000,9500,7250,27-Sep-20
309,Garlic,6000,13000,9500,26-Dec-15
310,Garlic,5000,7000,6000,04-Feb-16
311,Garlic,800,2200,1600,07-Sep-18
312,Garlic,1500,3500,2800,16-Jul-14
313,Garlic,2500,5000,4000,01-Apr-17
314,Garlic,5000,9000,7500,03-Dec-16
315,Garlic,3000,6000,5000,08-Mar-17
316,Garlic,1000,3000,2000,03-Aug-22
317,Garlic,2800,6500,4700,06-Jul-23
318,Garlic,2500,4800,3700,06-Jul-22
319,Garlic,6000,15000,10500,20-Apr-24
320,Garlic,7000,15000,11000,05-May-24
321,Garlic,5000,7000,6500,07-Jan-16
322,Garlic,600,1800,1600,28-Sep-18
323,Garlic,2000,4500,4100,22-Jul-17
324,Garlic,4500,8000,6300,29-Jul-20
325,Garlic,1500,4000,2500,28-Jul-14
326,Garlic,3500,7000,5300,14-Aug-19
327,Garlic,8500,14000,11500,04-Oct-23
328,Garlic,5000,12000,9000,29-Jan-20
329,Garlic,6000,9000,8000,08-Nov-16
330,Garlic,600,2200,1600,11-Feb-14
331,Garlic,5000,9000,7000,08-Jan-21
332,Garlic,1300,4000,3600,12-Sep-17
333,Garlic,4000,9000,6500,19-Mar-24
334,Garlic,1000,3000,2400,15-Jul-18
335,Garlic,1000,3000,2500,07-Apr-19
336,Garlic,2400,6000,4200,31-Mar-22
337,Garlic,8500,16000,12500,05-Sep-23
338,Garlic,1600,4000,3200,02-Jul-14
339,Garlic,5000,8500,8250,01-Oct-16
340,Garlic,2000,4500,4000,22-Mar-18
341,Garlic,5000,10000,7500,01-Nov-20
342,Garlic,1500,3500,2500,20-Jul-14
343,Garlic,1500,4500,3500,29-Jul-17
344,Garlic,4000,9000,6500,03-Dec-20
345,Garlic,1500,2400,2200,27-Apr-14
346,Garlic,4200,6500,5300,12-Jun-20
347,Garlic,3000,5000,4000,04-Feb-15
348,Garlic,6000,12000,9000,14-Jan-20
349,Garlic,2000,4000,3200,05-Jan-14
350,Garlic,4000,7000,6500,24-May-16
351,Garlic,7000,14000,12000,29-Oct-23
352,Garlic,1200,3000,2400,26-Nov-14
353,Garlic,4000,5000,4500,09-Mar-16
354,Garlic,5000,7500,6500,15-Sep-16
355,Garlic,2000,4500,3800,12-Jul-17
356,Garlic,1500,4000,3000,19-Feb-22
357,Garlic,1500,2500,2200,24-Jan-14
358,Garlic,1200,2200,1900,06-Apr-14
359,Garlic,1500,2500,1700,19-Apr-14
360,Garlic,1800,5000,3400,29-Jul-22
361,Garlic,3000,7000,5000,10-Sep-21
362,Garlic,2800,5600,4200,09-Jan-22
363,Garlic,500,2500,1600,19-Mar-19
364,Garlic,5000,9000,7000,27-Aug-20
365,Garlic,700,2000,1500,13-Nov-18
366,Garlic,2000,4000,3000,17-Feb-22
367,Garlic,1500,2800,2300,19-Jun-14
368,Garlic,8000,9000,8500,28-Dec-16
369,Garlic,500,1700,1100,01-Feb-19
370,Garlic,1000,3000,2400,12-Jan-15
371,Garlic,3000,5000,4500,25-Feb-16
372,Garlic,5000,8500,8000,05-Nov-16
373,Garlic,6500,9000,8600,26-Feb-17
374,Garlic,5000,12000,10000,23-Jan-20
375,Garlic,3500,5000,4500,01-Apr-16
376,Garlic,7000,15000,11000,16-Jul-23
377,Garlic,11000,12000,11500,17-Dec-15
378,Garlic,1000,3600,2400,11-Nov-22
379,Garlic,1500,3000,2400,16-Jun-14
380,Garlic,5000,11000,8000,02-Mar-24
381,Garlic,4000,9000,6500,13-Mar-24
382,Garlic,5000,16000,12000,09-May-24
383,Garlic,1000,3000,2200,30-Aug-18
384,Garlic,700,2500,1700,22-Mar-19
385,Garlic,1000,2800,2400,22-Feb-14
386,Garlic,1500,5000,4200,07-Nov-17
387,Garlic,1500,4000,2800,27-Jul-14
388,Garlic,2500,5000,4000,04-Apr-17
389,Garlic,7000,14000,12000,05-Dec-23
390,Garlic,6000,8000,7000,19-Apr-20
391,Garlic,4000,6000,5000,06-Jul-20
392,Garlic,1600,2400,2200,10-Apr-14
393,Garlic,6000,13000,10000,27-Jul-23
394,Garlic,5000,13000,9500,30-Jan-20
395,Garlic,1500,2500,2200,06-May-14
396,Garlic,1500,3500,2800,03-Jul-14
397,Garlic,500,2000,1400,14-Jan-19
398,Garlic,4000,7000,6500,06-Nov-15
399,Garlic,1800,4500,4000,11-Sep-14
400,Garlic,3000,7000,5200,14-Jul-19
401,Garlic,3000,6500,5000,29-Jun-19
402,Garlic,4500,8500,6500,23-Apr-20
403,Garlic,1500,3000,2400,01-May-14
404,Garlic,700,2000,1800,06-Oct-18
405,Garlic,2000,5500,3800,20-Mar-23
406,Garlic,7000,13500,10500,28-Nov-23
407,Garlic,4000,5000,4500,08-Jun-20
408,Garlic,2500,5000,4000,15-May-19
409,Garlic,6000,8500,7200,18-Apr-20
410,Garlic,2000,5000,4500,25-Jul-17
411,Garlic,1500,4500,3400,28-Jun-15
412,Garlic,4000,9500,6800,19-Aug-20
413,Garlic,1000,2800,2400,06-Jul-18
414,Garlic,1800,5000,3400,31-May-22
415,Garlic,700,2000,1600,14-Oct-18
416,Garlic,3000,6000,5000,21-May-19
417,Garlic,1500,3000,2200,02-Jun-14
418,Garlic,1000,2400,2200,03-Jun-18
419,Garlic,3200,5000,4100,22-Mar-22
420,Garlic,4200,9000,6600,13-Dec-20
421,Garlic,4500,7000,5800,13-May-20
422,Garlic,1000,3000,2000,11-Aug-18
423,Garlic,4500,9500,7000,29-Oct-20
424,Garlic,1000,2200,1800,04-Mar-14
425,Garlic,800,2800,1800,01-Nov-22
426,Garlic,6500,13500,10000,10-Jan-24
427,Garlic,3000,6000,4800,19-Mar-17
428,Garlic,2000,4500,3200,01-Mar-15
429,Garlic,4000,7000,6250,26-May-16
430,Garlic,4500,9500,7000,02-Nov-20
431,Garlic,1000,3000,2000,13-Aug-18
432,Garlic,500,2000,1500,04-Feb-19
433,Garlic,500,2500,1500,17-Mar-19
434,Garlic,4000,6500,6000,25-May-16
435,Garlic,4200,6000,5200,17-Oct-15
436,Garlic,4000,10000,7000,25-Sep-20
437,Garlic,2500,4500,3900,16-Apr-17
438,Garlic,700,1800,1300,24-Jan-19
439,Garlic,7000,15000,11500,28-May-24
440,Garlic,8000,10000,9000,05-Jan-17
441,Garlic,3500,7000,5250,22-Nov-21
442,Garlic,1000,3000,2200,08-Apr-19
443,Garlic,5000,10000,7500,05-Nov-20
444,Garlic,7000,15000,11000,29-Apr-24
445,Garlic,1500,2200,1800,14-Apr-14
446,Garlic,6000,14000,10500,13-Jun-24
447,Garlic,1000,2800,1900,19-Aug-18
448,Garlic,3000,5600,4300,05-Feb-22
449,Garlic,7000,15000,13000,09-Dec-23
450,Garlic,8000,18000,13000,31-Jul-24
451,Garlic,4000,6000,5500,24-Oct-15
452,Garlic,2500,4000,3250,15-Feb-22
453,Garlic,4500,7500,6500,30-Apr-20
454,Garlic,800,3000,2000,15-Nov-22
455,Garlic,16000,25000,21000,22-Feb-24
456,Garlic,700,2500,1800,31-Mar-19
457,Garlic,5000,10000,8000,22-Nov-16
458,Garlic,7000,14000,11000,29-Jul-23
459,Garlic,1500,5000,4000,17-Sep-14
460,Garlic,2000,4500,4000,28-Mar-18
461,Garlic,3200,7400,5300,03-Jan-21
462,Garlic,2000,4500,3600,26-Feb-15
463,Garlic,1000,4000,3000,09-Oct-17
464,Garlic,6000,12000,9000,21-Jul-23
465,Garlic,1500,3500,3000,08-Jul-14
466,Garlic,2500,5500,4600,30-Jul-15
467,Garlic,5000,10000,8000,12-Feb-20
468,Garlic,2800,5000,3900,01-Jan-22
469,Garlic,1800,4500,4000,08-Sep-14
470,Garlic,5000,11000,8000,22-Mar-24
471,Garlic,1200,3500,2400,02-Nov-14
472,Garlic,2500,5000,3800,04-Mar-22
473,Garlic,7000,14000,12500,08-Nov-23
474,Garlic,1500,4000,2800,22-Jul-14
475,Garlic,1800,4000,3000,19-Mar-15
476,Garlic,4000,6500,5300,21-Jun-20
477,Garlic,700,2300,1500,30-Aug-22
478,Garlic,3000,5000,4200,19-Mar-16
479,Garlic,800,3000,1900,11-Feb-23
480,Garlic,2000,5000,4200,15-May-17
481,Garlic,4000,6000,5700,28-Sep-15
482,Garlic,15000,28000,21000,03-Feb-24
483,Garlic,1500,4500,4000,12-Oct-14
484,Garlic,4000,9000,6500,16-Dec-20
485,Garlic,3000,5800,4400,12-Apr-21
486,Garlic,700,2300,1500,14-Sep-22
487,Garlic,1200,3500,2400,05-Nov-14
488,Garlic,2000,4500,3000,29-Jan-15
489,Garlic,3000,6000,5000,10-Mar-17
490,Garlic,8000,16000,12000,12-Aug-24
491,Garlic,1800,4500,4000,18-Sep-14
492,Garlic,3000,6500,4800,04-Aug-19
493,Garlic,3200,6200,4700,03-Sep-21
494,Garlic,1500,4500,3800,10-Jun-15
495,Garlic,3000,7000,5000,27-Apr-19
496,Garlic,2500,5000,4200,16-May-19
497,Garlic,800,3000,1900,13-Oct-22
498,Garlic,1200,2800,2200,30-Jul-18
499,Garlic,4800,6200,5800,28-Nov-15
500,Garlic,4100,6000,5600,21-Sep-15
501,Garlic,2000,4500,3500,28-Feb-15
502,Garlic,2000,5000,3800,29-Apr-17
503,Garlic,1500,5000,4200,20-Nov-17
504,Garlic,800,2800,1800,02-Mar-23
505,Garlic,3500,7000,5300,07-Aug-19
506,Garlic,4000,6000,5700,26-Sep-15
507,Garlic,1500,4500,3500,17-Dec-17
508,Garlic,1600,4500,4000,26-Aug-14
509,Garlic,4000,6000,5800,18-Nov-15
510,Garlic,1000,2400,2100,11-May-18
511,Garlic,800,2600,1700,06-Sep-22
512,Garlic,700,2000,1800,21-Oct-18
513,Garlic,1500,4500,3600,09-Apr-15
514,Garlic,5000,7500,6500,14-Sep-16
515,Garlic,5500,10000,7800,04-Sep-20
516,Garlic,1000,4000,2700,10-Dec-22
517,Garlic,3000,5000,4000,06-Feb-15
518,Garlic,6000,13000,9500,04-Jan-20
519,Garlic,4000,9000,6500,28-Oct-20
520,Garlic,1000,2200,1900,10-Mar-14
521,Garlic,5000,7000,6500,24-Sep-16
522,Garlic,800,2600,1800,21-Feb-23
523,Garlic,5000,13000,9000,22-May-24
524,Garlic,1500,5000,4000,05-Jun-15
525,Garlic,7000,15000,12000,03-May-24
526,Garlic,5000,10000,8000,23-Nov-16
527,Garlic,1500,4500,3600,05-Dec-17
528,Garlic,1200,2400,2100,07-Jun-18
529,Garlic,6000,14000,10000,03-Jul-24
530,Garlic,500,1600,1200,26-Feb-19
531,Garlic,9000,10000,9500,01-Feb-17
532,Garlic,500,2000,1300,02-Feb-19
533,Garlic,3000,6000,4500,18-Jul-19
534,Garlic,2000,2400,2200,25-Apr-14
535,Garlic,1200,3000,2500,05-Dec-14
536,Garlic,4000,7000,5500,03-Sep-15
537,Garlic,2500,4800,3800,31-Mar-17
538,Garlic,1000,2400,2000,18-Jun-18
539,Garlic,7000,15000,11500,19-Jun-24
540,Garlic,4100,6000,5600,18-Sep-15
541,Garlic,2000,4000,3500,28-Apr-16
542,Garlic,3000,5000,4200,04-Jan-22
543,Garlic,4000,6500,5500,02-Nov-15
544,Garlic,3000,5000,4000,27-Feb-16
545,Garlic,2500,4800,4000,05-Apr-17
546,Garlic,800,2400,1600,13-Sep-22
547,Garlic,1500,4500,3500,03-Mar-15
548,Garlic,1400,4000,3000,05-Sep-17
549,Garlic,2500,4500,3500,23-Apr-22
550,Garlic,2600,6000,4300,17-Apr-22
551,Garlic,2500,6000,4300,22-Mar-23
552,Garlic,3000,5000,4000,12-Feb-15
553,Garlic,1000,4000,3000,13-Oct-17
554,Garlic,1500,5000,4000,24-Jun-15
555,Garlic,2000,5000,4000,04-May-17
556,Garlic,2500,6000,4250,30-Mar-22
557,Garlic,7500,14500,12000,13-Oct-23
558,Garlic,5000,7000,6500,21-Jun-16
559,Garlic,800,1800,1600,16-Sep-18
560,Garlic,5500,10500,8000,12-Nov-20
561,Garlic,9000,10000,9500,31-Jan-17
562,Garlic,2000,4500,3800,03-Sep-14
563,Garlic,2000,4500,3600,11-Jul-15
564,Garlic,3200,6000,4700,24-Aug-15
565,Garlic,3000,6500,5000,13-Jun-19
566,Garlic,4200,6200,5600,27-Nov-15
567,Garlic,2000,5000,3600,30-Apr-17
568,Garlic,7000,14000,11000,31-May-24
569,Garlic,5000,10000,7500,21-Mar-24
570,Garlic,8000,9000,8500,06-Feb-17
571,Garlic,2400,5000,3700,05-Mar-22
572,Garlic,5000,12000,9000,08-Jan-20
573,Garlic,2500,5000,4000,28-Jan-22
574,Garlic,1500,4000,3000,16-Oct-14
575,Garlic,600,1800,1200,25-Jan-19
576,Garlic,5500,8000,7500,29-Oct-16
577,Garlic,5000,13000,9000,26-Jul-23
578,Garlic,800,2000,1700,11-Oct-18
579,Garlic,5000,8000,7500,26-Aug-16
580,Garlic,1200,3500,2800,31-Oct-14
581,Garlic,2800,5000,3900,24-Apr-22
582,Garlic,1500,4500,3200,09-Mar-15
583,Garlic,6000,9500,8500,06-Jul-16
584,Garlic,500,2000,1250,05-Mar-19
585,Garlic,500,2000,1300,09-Mar-19
586,Garlic,1500,3000,2600,03-Jun-14
587,Garlic,2500,3500,3000,11-Apr-18
588,Garlic,1700,2200,2000,05-May-14
589,Garlic,1000,2800,2500,09-Jul-18
590,Garlic,500,1800,1500,07-Feb-19
591,Garlic,2000,5000,4000,16-Jul-15
592,Garlic,4000,10000,7000,03-Nov-20
593,Garlic,1500,4500,3600,28-Dec-17
594,Garlic,2000,4500,4100,18-Jul-17
595,Garlic,3500,8000,5800,08-Jul-19
596,Garlic,4000,7500,6000,17-May-20
597,Garlic,1200,3000,2600,06-Jan-15
598,Garlic,8000,10000,8500,29-Nov-16
599,Garlic,4200,10000,7100,19-Sep-20
600,Garlic,6000,13000,10000,03-Dec-23
601,Garlic,4000,9000,6500,28-Dec-20
602,Garlic,700,3000,1850,18-Oct-22
603,Garlic,2600,5200,4000,12-Apr-23
604,Garlic,7000,14000,10500,14-Sep-23
605,Garlic,5000,10000,7500,11-Mar-24
606,Garlic,4000,6000,5000,14-Oct-15
607,Garlic,1500,4500,3200,07-Jun-15
608,Garlic,4000,5000,4500,13-Mar-16
609,Garlic,3500,4500,3800,31-Mar-16
610,Garlic,5000,8000,7500,29-Aug-16
611,Garlic,3000,6000,4500,08-Jun-19
612,Garlic,4000,8000,6000,20-Jul-20
613,Garlic,1600,4500,3100,26-May-22
614,Garlic,600,1800,1400,26-Jan-19
615,Garlic,6500,15000,11000,14-May-24
616,Garlic,8000,18000,13000,08-Aug-24
617,Garlic,6000,9000,7000,09-Jul-16
618,Garlic,2500,4800,3800,26-Jan-22
619,Garlic,1500,3000,2500,06-Jun-14
620,Garlic,3200,5600,4400,26-Dec-21
621,Garlic,2800,6500,4700,10-May-23
622,Garlic,4000,8000,6500,12-Jan-16
623,Garlic,2500,5000,4000,13-Apr-17
624,Garlic,3000,5500,4300,12-May-19
625,Garlic,2500,5500,4000,01-May-22
626,Garlic,3000,5000,4500,16-Apr-16
627,Garlic,7000,14000,12000,07-Nov-23
628,Garlic,3000,6400,4700,18-Mar-21
629,Garlic,2000,4800,4200,05-Jul-17
630,Garlic,1600,4500,3400,15-Mar-15
631,Garlic,2000,4500,4000,12-Mar-18
632,Garlic,3000,5500,4300,14-Aug-15
633,Garlic,8000,10000,9000,14-Jan-17
634,Garlic,1500,4000,3000,19-Oct-14
635,Garlic,1200,2600,2200,21-Jul-18
636,Garlic,6000,15000,11000,14-Jun-24
637,Garlic,5000,9000,8000,23-Oct-16
638,Garlic,3600,6200,4900,18-Jun-20
639,Garlic,2000,4000,3500,08-Jan-14
640,Garlic,1500,5000,4000,06-Nov-17
641,Garlic,700,2000,1800,19-Oct-18
642,Garlic,4200,10800,7500,08-Nov-20
643,Garlic,6000,14000,10000,24-May-24
644,Garlic,4000,6000,5000,28-Feb-20
645,Garlic,2500,6000,4300,15-Mar-22
646,Garlic,4000,9000,6500,14-Dec-20
647,Garlic,3000,5000,4200,07-Feb-15
648,Garlic,1200,3000,2200,25-Dec-14
649,Garlic,8000,10000,9000,02-Dec-16
650,Garlic,8000,9500,8600,07-Feb-17
651,Garlic,4000,6000,5000,11-Jul-20
652,Garlic,2000,4500,4000,19-Jul-17
653,Garlic,9000,10000,9500,05-Feb-17
654,Garlic,4000,8000,7500,03-Jul-16
655,Garlic,8000,14000,11500,08-Sep-23
656,Garlic,700,2000,1400,03-Jan-23
657,Garlic,5000,13000,9800,03-Feb-20
658,Garlic,800,3200,2000,08-Mar-23
659,Garlic,3200,6000,4600,07-Jan-22
660,Garlic,1500,2600,2200,26-Jun-14
661,Garlic,1500,4500,3600,22-Sep-14
662,Garlic,5000,8500,6750,09-Jan-21
663,Garlic,2000,4500,3500,10-Jul-15
664,Garlic,4000,6000,5500,08-Feb-16
665,Garlic,8000,9000,8500,02-Feb-17
666,Garlic,2000,5000,4000,15-Apr-18
667,Garlic,8000,18000,13000,06-Aug-24
668,Garlic,2000,5000,4000,16-May-17
669,Garlic,1000,2400,2100,02-Jun-18
670,Garlic,3500,6000,5000,09-Jun-19
671,Garlic,1600,4200,3000,23-Jan-23
672,Garlic,500,2000,1500,14-Feb-19
673,Garlic,5500,12500,9500,04-Feb-20
674,Garlic,6500,14500,11000,12-Jun-24
675,Garlic,1000,3000,2600,21-Apr-19
676,Garlic,2000,4800,3400,12-Jul-22
677,Garlic,1000,2600,2200,03-Jul-18
678,Garlic,4000,6800,5400,30-Nov-21
679,Garlic,2500,4500,3500,25-Jul-22
680,Garlic,2000,4000,3000,31-Jan-23
681,Garlic,4500,9000,6800,09-Aug-20
682,Garlic,800,2600,1700,31-Aug-22
683,Garlic,1000,3500,2400,22-Apr-19
684,Garlic,3500,7000,5300,08-Aug-19
685,Garlic,5000,9000,8500,15-Nov-16
686,Garlic,2000,4500,4100,15-Mar-18
687,Garlic,3000,6000,4500,02-Jun-19
688,Garlic,500,1600,1300,25-Feb-19
689,Garlic,5000,10000,7500,21-Nov-16
690,Garlic,2500,5000,3800,14-May-19
691,Garlic,3000,6500,5000,21-Jun-19
692,Garlic,2400,5000,3700,02-May-22
693,Garlic,1000,4000,3500,14-Oct-17
694,Garlic,5000,9000,8500,05-Oct-16
695,Garlic,3500,5000,4900,17-Apr-16
696,Garlic,1500,3800,2700,17-Jul-22
697,Garlic,7000,15000,12000,08-Jun-24
698,Garlic,1500,5500,4000,14-Jun-15
699,Garlic,4000,7500,6500,10-Sep-15
700,Garlic,3000,4800,4000,28-Mar-17
701,Garlic,1000,3000,2000,14-Jul-22
702,Garlic,3000,5500,4300,17-Jan-22
703,Garlic,1500,5000,3600,23-Jun-15
704,Garlic,4000,10500,7250,23-Oct-20
705,Garlic,5000,10000,7500,21-Sep-20
706,Garlic,3500,4500,4000,03-Oct-15
707,Garlic,3200,6800,5000,23-Mar-21
708,Garlic,4000,6200,5100,14-Aug-21
709,Garlic,2000,4000,3000,05-Jun-22
710,Garlic,700,2200,1600,09-Feb-19
711,Garlic,800,3000,1900,26-Feb-23
712,Garlic,2000,4500,3800,28-Aug-14
713,Garlic,6000,14000,12000,25-Sep-23
714,Garlic,700,2200,1600,13-Feb-14
715,Garlic,3000,5000,4000,16-Jul-19
716,Garlic,1000,2500,1800,08-Feb-14
717,Garlic,2800,5500,4300,05-Aug-15
718,Garlic,2800,6500,4650,12-Mar-21
719,Garlic,1500,2800,2200,12-May-14
720,Garlic,3000,4000,3800,03-May-16
721,Garlic,1500,2500,2000,22-Apr-14
722,Garlic,2500,4500,4000,30-Mar-18
723,Garlic,4500,8500,6500,29-Jan-21
724,Garlic,5000,11000,9000,23-Dec-15
725,Garlic,2000,4500,3600,07-Sep-14
726,Garlic,500,1800,1300,22-Feb-19
727,Garlic,1400,3600,2800,04-Sep-17
728,Garlic,1500,4500,3500,27-Dec-17
729,Garlic,4000,7000,6000,01-Mar-17
730,Garlic,700,2000,1600,12-Nov-18
731,Garlic,1400,4000,2700,14-Jan-23
732,Garlic,800,2600,2000,23-Feb-23
733,Garlic,5500,7500,6500,07-Dec-23
734,Garlic,2000,5000,4800,04-Jun-17
735,Garlic,1500,4500,4000,11-Dec-17
736,Garlic,3000,7000,5200,23-Aug-19
737,Garlic,8000,18000,13000,26-Jul-24
738,Garlic,2000,6500,5200,30-May-17
739,Garlic,800,2000,1800,23-Jan-19
740,Garlic,3200,5600,4400,08-Apr-21
741,Garlic,7000,14000,11000,29-May-24
742,Garlic,700,2000,1600,09-Nov-18
743,Garlic,4500,10000,7250,25-Oct-20
744,Garlic,3000,6200,4600,19-Apr-21
745,Garlic,1100,2800,2500,11-Jul-18
746,Garlic,2000,4200,3100,19-Jul-22
747,Garlic,800,2400,1600,07-Jan-23
748,Garlic,7000,16000,12000,29-Dec-23
749,Garlic,4500,6500,5500,20-Jun-20
750,Garlic,700,2000,1500,31-Oct-18
751,Garlic,2000,5000,3500,03-May-22
752,Garlic,1000,2400,2200,20-Feb-14
753,Garlic,1500,3000,2300,27-Dec-14
754,Garlic,1200,3000,2600,03-Jan-15
755,Garlic,600,2200,1500,10-Feb-14
756,Garlic,4000,6000,5600,06-Oct-15
757,Garlic,5000,7500,7000,27-Sep-16
758,Garlic,1200,3500,2800,03-Oct-17
759,Garlic,1000,4000,2500,16-Dec-22
760,Garlic,2000,5000,4000,11-May-17
761,Garlic,5500,14000,10500,24-Jul-23
762,Garlic,2500,5000,4200,05-Apr-18
763,Garlic,1800,2300,2100,11-Apr-14
764,Garlic,1500,4500,3400,30-Jun-15
765,Garlic,8000,18000,13000,18-Jul-24
766,Garlic,700,2200,1450,01-Jan-23
767,Garlic,8000,10000,9000,10-Dec-16
768,Garlic,4000,7000,5500,29-Apr-20
769,Garlic,3500,7500,5500,09-Feb-21
770,Garlic,700,2000,1500,13-Oct-18
771,Garlic,4500,10000,7250,17-Sep-20
772,Garlic,1200,3000,2400,04-Jan-15
773,Garlic,1200,2600,2000,01-Jul-18
774,Garlic,800,3000,1900,15-Feb-23
775,Garlic,1200,2500,2000,19-Jul-18
776,Garlic,3500,6500,5000,06-Aug-19
777,Garlic,3200,6500,4850,13-May-23
778,Garlic,1500,2500,1900,08-May-14
779,Garlic,1500,4500,3800,07-Oct-14
780,Garlic,2500,5000,4000,30-Jan-15
781,Garlic,2000,4000,3800,10-Jul-17
782,Garlic,2000,4500,4200,20-Jul-17
783,Garlic,2000,5000,3500,19-Apr-18
784,Garlic,1500,4000,3650,17-Aug-17
785,Garlic,1000,2600,2000,22-Jul-18
786,Garlic,5000,7500,7000,28-Sep-16
787,Garlic,4000,7000,6500,07-Nov-15
788,Garlic,2000,4500,4000,08-Jul-17
789,Garlic,4000,8000,7500,16-Jul-16
790,Garlic,4000,9000,8000,21-Feb-20
791,Garlic,4500,10000,7250,07-Sep-20
792,Garlic,800,2600,1700,18-Feb-23
793,Garlic,8000,14000,11000,27-Oct-23
794,Garlic,5000,13000,11000,01-Feb-20
795,Garlic,500,2000,1300,30-Jan-19
796,Garlic,2000,4000,3000,20-Feb-22
797,Garlic,8000,9000,8500,12-Dec-16
798,Garlic,1000,2400,2100,13-Jun-18
799,Garlic,700,2000,1700,07-Oct-18
800,Garlic,600,2000,1300,20-Dec-18
801,Garlic,1500,2500,2000,07-Feb-14
802,Garlic,1500,4500,3800,12-Sep-14
803,Garlic,2500,6500,4300,05-Apr-22
804,Garlic,5000,8500,8000,25-Oct-16
805,Garlic,2000,5000,4600,10-Jun-17
806,Garlic,4500,6500,5500,11-Jun-20
807,Garlic,5000,8000,7500,06-Aug-16
808,Garlic,4000,7000,6000,08-May-20
809,Garlic,3200,4800,4000,09-Jun-22
810,Garlic,6500,9000,8500,25-Feb-17
811,Garlic,500,1800,1200,21-Feb-19
812,Garlic,3000,6000,4000,20-Aug-15
813,Garlic,2000,5000,3500,27-Jun-22
814,Garlic,2500,5000,4200,22-Apr-17
815,Garlic,1500,4000,2800,13-Jan-23
816,Garlic,2200,5000,3600,20-Jun-22
817,Garlic,1000,2600,2300,07-Jul-18
818,Garlic,8000,10000,9000,06-Jan-17
819,Garlic,2800,6000,4400,19-Apr-22
820,Garlic,4000,9000,7500,23-Jul-16
821,Garlic,1000,3000,2200,01-Aug-18
822,Garlic,7000,14000,11000,29-Nov-23
823,Garlic,1000,4000,2800,14-Dec-22
824,Garlic,1000,3000,2400,02-Aug-18
825,Garlic,1500,4500,3000,28-Jan-23
826,Garlic,500,2000,1300,16-Jan-19
827,Garlic,3500,6500,5000,06-Sep-21
828,Garlic,7000,16000,12000,08-Jul-24
829,Garlic,1200,4000,2600,13-Dec-22
830,Garlic,1500,4500,3500,27-Aug-17
831,Garlic,1500,5500,4600,30-Oct-17
832,Garlic,4000,8000,6000,15-Feb-21
833,Garlic,1500,3500,3000,05-Aug-17
834,Garlic,1200,3500,2600,17-Dec-14
835,Garlic,5000,13000,9500,24-Jan-20
836,Garlic,3000,5000,4500,07-May-16
837,Garlic,4000,8000,6500,26-Jun-16
838,Garlic,3000,6000,4500,10-Jan-22
839,Garlic,3000,5000,4200,26-Mar-17
840,Garlic,4500,7000,6000,23-May-20
841,Garlic,2800,6200,4800,26-Jun-23
842,Garlic,800,2000,1600,24-Nov-18
843,Garlic,2500,6000,4500,24-Jun-19
844,Garlic,2500,5500,4500,14-Apr-16
845,Garlic,1500,5500,4600,27-Oct-17
846,Garlic,4000,6500,5300,03-Jul-20
847,Garlic,5000,7000,6500,08-Jan-16
848,Garlic,6500,15500,11500,14-Jul-24
849,Garlic,1500,4000,2600,29-Jul-14
850,Garlic,8000,10000,9000,20-Dec-16
851,Garlic,6000,9000,7500,16-Apr-20
852,Garlic,2000,4000,3500,06-Jan-14
853,Garlic,8000,14000,12000,17-Oct-23
854,Garlic,7000,14000,11500,09-Jun-24
855,Garlic,5500,7500,6500,30-Jan-16
856,Garlic,1600,4000,2800,18-Jul-22
857,Garlic,1400,4000,2700,20-Jan-23
858,Garlic,6500,14500,11000,02-May-24
859,Garlic,1200,3000,2400,18-Dec-14
860,Garlic,3000,6000,4500,14-Jun-19
861,Garlic,5000,9000,7000,08-Aug-20
862,Garlic,5000,9000,7000,14-Aug-20
863,Garlic,3000,6000,4500,02-Apr-23
864,Garlic,1800,4000,2900,27-Feb-22
865,Garlic,5000,8000,7500,29-Sep-16
866,Garlic,1500,5000,4000,09-Nov-17
867,Garlic,900,2600,1800,16-Oct-22
868,Garlic,5000,12400,8700,12-Apr-24
869,Garlic,1500,3000,2500,15-Jun-14
870,Garlic,3000,5000,4500,15-Apr-16
871,Garlic,5000,11000,9000,06-Nov-20
872,Garlic,2000,5000,4500,20-Mar-17
873,Garlic,6000,14000,10000,21-Nov-23
874,Garlic,1000,3000,2600,04-Apr-19
875,Garlic,1400,3800,2600,16-Jan-23
876,Garlic,800,2400,1600,19-Feb-23
877,Garlic,6000,14000,12000,06-Jan-24
878,Garlic,1600,4000,3000,23-Mar-15
879,Garlic,1800,5200,4300,12-Jun-15
880,Garlic,5000,8000,7500,04-Aug-16
881,Garlic,5000,10000,7500,06-Mar-24
882,Garlic,1000,2800,2200,23-Feb-14
883,Garlic,8000,12000,10000,20-Jan-17
884,Garlic,3000,6000,4500,13-Mar-21
885,Garlic,3000,4500,3500,11-May-16
886,Garlic,3000,6000,4500,27-Apr-22
887,Garlic,1000,3000,2000,04-Feb-23
888,Garlic,7000,14000,11000,13-Dec-23
889,Garlic,1500,4500,3400,25-Jun-15
890,Garlic,2000,5000,4500,26-Jul-17
891,Garlic,1200,3500,2600,30-Oct-14
892,Garlic,2800,5800,4300,16-Apr-21
893,Garlic,7000,16000,12000,24-Jan-24
894,Garlic,3000,6000,4500,19-Apr-23
895,Garlic,2800,6200,4500,09-Mar-21
896,Garlic,1500,4500,3200,04-Jul-15
897,Garlic,5000,8500,8000,19-Nov-16
898,Garlic,1500,5000,4500,11-Nov-17
899,Garlic,3000,6000,4500,24-Mar-23
900,Garlic,1800,2300,2100,24-Apr-14
901,Garlic,4000,7000,6500,11-Sep-15
902,Garlic,2000,4500,4200,17-Mar-18
903,Garlic,1500,5000,4200,11-Jun-15
904,Garlic,3200,6000,4600,15-Mar-21
905,Garlic,3600,6800,5200,28-Nov-21
906,Garlic,700,2000,1450,26-Apr-17
907,Garlic,5000,10000,8500,14-Feb-20
908,Garlic,1000,4200,2600,07-Dec-22
909,Garlic,4000,6500,5300,08-Jul-20
910,Garlic,500,1800,1500,10-Jan-19
911,Garlic,4000,5000,4500,26-Mar-16
912,Garlic,7000,9000,7200,17-Apr-20
913,Garlic,2000,5000,4200,17-Jul-15
914,Garlic,4000,6500,5300,20-May-20
915,Garlic,3000,6500,4800,04-Jul-19
916,Garlic,3000,7000,5000,22-Feb-21
917,Garlic,3000,6000,4500,25-Jun-23
918,Garlic,8000,15000,12000,27-Jan-24
919,Garlic,1500,4000,3600,31-Dec-17
920,Garlic,3000,7000,5200,03-May-19
921,Garlic,1800,5000,3400,22-May-22
922,Garlic,4000,6000,5500,14-Feb-16
923,Garlic,6000,15000,10500,19-Jul-23
924,Garlic,4000,7000,5500,10-Feb-21
925,Garlic,3500,6500,5000,09-Nov-21
926,Garlic,2000,4500,3500,24-Feb-15
927,Garlic,1000,4000,2600,02-Oct-17
928,Garlic,3500,6000,5000,08-Mar-20
929,Garlic,2500,5000,4400,03-Apr-18
930,Garlic,1000,3500,2500,27-Nov-22
931,Garlic,1000,2800,1600,12-Feb-23
932,Garlic,1200,3000,2200,27-Nov-14
933,Garlic,1500,4000,2800,18-Oct-14
934,Garlic,3000,5000,4000,21-Feb-16
935,Garlic,1500,4500,3500,14-Dec-17
936,Garlic,1200,3000,2400,25-Nov-14
937,Garlic,4000,10000,7000,18-Sep-20
938,Garlic,2000,5000,3500,21-May-22
939,Garlic,2200,4800,3500,03-Jul-22
940,Garlic,1500,5500,4400,01-Nov-17
941,Garlic,4000,6000,5500,07-Oct-15
942,Garlic,2500,5000,4000,08-Apr-18
943,Garlic,2400,4800,3600,11-May-22
944,Garlic,4000,9000,8000,23-Feb-20
945,Garlic,10000,12000,11000,22-Jan-17
946,Garlic,2000,4000,3800,16-Jul-17
947,Garlic,4000,7000,6000,28-May-16
948,Garlic,8000,10000,9000,08-Jan-17
949,Garlic,2000,5000,3500,17-May-22
950,Garlic,1000,4000,3000,30-Sep-17
951,Garlic,4500,7000,5750,25-Jul-20
952,Garlic,3000,6000,4500,19-Aug-21
953,Garlic,1200,3000,2400,02-Dec-14
954,Garlic,1000,2400,1800,30-Jun-18
955,Garlic,1500,4500,3500,13-Sep-14
956,Garlic,800,1800,1500,12-Sep-18
957,Garlic,700,2000,1600,23-Oct-18
958,Garlic,700,2000,1600,05-Oct-18
959,Garlic,1000,3000,2200,10-Aug-18
960,Garlic,500,1600,1200,23-Mar-19
961,Garlic,4200,6800,5600,11-May-20
962,Garlic,4000,8000,6000,27-Apr-20
963,Garlic,1500,4500,3200,11-Mar-15
964,Garlic,4800,11000,7900,23-Nov-20
965,Garlic,1500,2500,2000,25-Jan-14
966,Garlic,3000,5000,4000,06-Feb-16
967,Garlic,4000,10000,7000,15-Oct-20
968,Garlic,1500,3500,2600,17-Jul-14
969,Garlic,4500,9500,7000,30-Mar-24
970,Garlic,4000,10000,7000,26-Dec-20
971,Garlic,800,3200,2200,24-Nov-22
972,Garlic,8000,14000,11500,08-Oct-23
973,Garlic,2000,4200,3100,23-Feb-22
974,Garlic,3000,5500,4200,15-Aug-15
975,Garlic,4500,10000,7250,14-Oct-20
976,Garlic,1000,2400,2000,19-Feb-14
977,Garlic,1000,2400,2100,04-Jun-18
978,Garlic,3000,6500,4800,03-Jun-19
979,Garlic,4000,9500,6750,26-Oct-20
980,Garlic,4200,6000,5100,30-Jun-20
981,Garlic,3000,7000,5000,30-Jul-19
982,Garlic,4500,10000,7300,18-Aug-20
983,Garlic,3000,6000,4500,19-Mar-22
984,Garlic,4000,9000,6500,23-Aug-20
985,Garlic,1200,2400,1800,16-Mar-14
986,Garlic,0,0,2500,11-Jun-14
987,Garlic,5000,7500,7000,03-Nov-16
988,Garlic,2500,5000,3500,16-Aug-14
989,Garlic,3000,5000,4900,12-Apr-16
990,Garlic,1000,3000,2000,09-Aug-18
991,Garlic,700,2500,2200,02-Apr-19
992,Garlic,2500,5500,4000,25-Apr-17
993,Garlic,1500,2200,1900,29-Apr-14
994,Garlic,800,2600,1700,06-Nov-22
995,Garlic,1500,4000,3000,28-Oct-14
996,Garlic,5000,7000,6500,28-Jan-16
997,Garlic,1500,4500,3700,15-Oct-14
998,Garlic,3000,6000,4800,06-May-23
999,Garlic,4000,7000,6500,09-Jan-16
1000,Garlic,2400,4500,3500,09-May-22
1001,Garlic,1200,2700,2400,08-Jul-18
1002,Garlic,1000,2600,2200,26-Feb-14
1003,Garlic,2500,5000,4000,27-Apr-17
1004,Garlic,2500,5000,4000,12-Apr-18
1005,Garlic,3000,4500,4100,05-Mar-16
1006,Garlic,1800,4000,3200,18-Mar-15
1007,Garlic,700,2000,1600,20-Oct-18
1008,Garlic,1000,4000,2800,01-Oct-17
1009,Garlic,8000,16000,12000,17-Jan-24
1010,Garlic,1000,2500,2200,07-May-18
1011,Garlic,4000,7000,6500,07-Jun-16
1012,Garlic,5000,8000,7500,03-Aug-16
1013,Garlic,3000,4000,3800,04-May-16
1014,Garlic,4000,7500,5800,16-May-20
1015,Garlic,6000,12500,9500,18-Jan-20
1016,Garlic,2000,4500,3600,25-Feb-15
1017,Garlic,2000,5000,3500,28-May-22
1018,Garlic,1400,4500,2950,29-Jan-23
1019,Garlic,2500,5000,4200,07-Apr-18
1020,Garlic,1500,3500,2800,01-Sep-17
1021,Garlic,1500,2500,2200,29-Jan-14
1022,Garlic,5000,9000,8000,02-Oct-16
1023,Garlic,1500,4500,3600,12-Dec-17
1024,Garlic,1800,4500,3800,02-Aug-17
1025,Garlic,1500,2200,2000,13-Apr-14
1026,Garlic,1500,4500,3800,26-Sep-14
1027,Garlic,8000,10000,9000,14-Dec-16
1028,Garlic,5000,13000,10000,29-Jun-24
1029,Garlic,1600,4500,3200,26-Mar-15
1030,Garlic,5000,7500,6500,22-Sep-16
1031,Garlic,1500,4500,3000,04-Dec-17
1032,Garlic,500,2000,1400,13-Feb-19
1033,Garlic,4000,8000,6500,31-May-16
1034,Garlic,3500,6500,5000,13-Aug-21
1035,Garlic,2000,4500,4000,18-Mar-18
1036,Garlic,700,1800,1500,04-Jan-19
1037,Garlic,2200,5000,3600,22-Jun-22
1038,Garlic,1700,2500,2000,23-Jan-14
1039,Garlic,3000,7000,5000,05-Jul-23
1040,Garlic,1000,2800,2100,14-Aug-18
1041,Garlic,4500,9500,7000,20-Jan-21
1042,Garlic,5500,12500,9000,27-Jun-24
1043,Garlic,500,2000,1500,10-Feb-19
1044,Garlic,1600,4000,3000,25-Mar-15
1045,Garlic,500,2400,1600,16-Mar-19
1046,Garlic,3000,6000,4500,27-Jun-19
1047,Garlic,800,3200,2200,14-Nov-22
1048,Garlic,3000,6000,4500,17-Aug-21
1049,Garlic,1200,3000,2100,10-Aug-22
1050,Garlic,5000,9000,8500,20-Oct-16
1051,Garlic,600,1800,1500,29-Sep-18
1052,Garlic,1000,3000,2500,03-Apr-19
1053,Garlic,700,2200,1500,18-Nov-18
1054,Garlic,700,2000,1500,04-Dec-18
1055,Garlic,1500,4500,3800,19-Sep-14
1056,Garlic,1000,3000,2000,29-Aug-18
1057,Garlic,5000,9000,7000,06-Dec-16
1058,Garlic,1000,3800,3000,17-Oct-17
1059,Garlic,4000,8000,6000,14-Feb-21
1060,Garlic,8000,12000,10000,24-Jan-17
1061,Garlic,800,2400,1600,28-Aug-22
1062,Garlic,2500,3000,2800,18-Feb-14
1063,Garlic,600,2200,1500,12-Feb-14
1064,Garlic,3000,6000,4600,01-Jun-19
1065,Garlic,4000,9500,8200,22-Feb-20
1066,Garlic,4500,8000,6250,18-Jan-21
1067,Garlic,1500,4500,3800,01-Dec-17
1068,Garlic,4000,6000,5000,10-Jul-20
1069,Garlic,3000,9000,6000,07-Jul-23
1070,Garlic,4000,6000,5800,20-Nov-15
1071,Garlic,10000,12000,11000,18-Dec-15
1072,Garlic,3000,7000,5000,16-Nov-21
1073,Garlic,700,1800,1400,03-Jan-19
1074,Garlic,2000,5000,4200,11-Jun-17
1075,Garlic,3000,5000,4250,03-Mar-16
1076,Garlic,5000,8000,7500,31-Aug-16
1077,Garlic,1000,2500,2300,18-May-18
1078,Garlic,1500,5500,4400,29-Oct-17
1079,Garlic,2000,4800,3400,29-May-22
1080,Garlic,4000,7000,5600,14-Mar-20
1081,Garlic,4500,7500,6000,21-Jul-20
1082,Garlic,3000,5000,4000,30-Dec-21
1083,Garlic,3000,7000,5200,21-Aug-19
1084,Garlic,2700,6000,4350,06-Mar-21
1085,Garlic,3000,4800,4500,25-Mar-17
1086,Garlic,4500,9000,6750,02-Feb-21
1087,Garlic,3500,6000,4750,27-Oct-21
1088,Garlic,1000,2000,1800,22-Mar-14
1089,Garlic,5500,10000,7750,09-Sep-20
1090,Garlic,4000,8000,7300,20-Jan-16
1091,Garlic,2500,5000,4200,09-Apr-18
1092,Garlic,4500,9500,7000,11-Aug-20
1093,Garlic,2500,4000,3900,26-Apr-16
1094,Garlic,1200,3500,3200,19-Sep-17
1095,Garlic,3000,7000,5000,24-Mar-21
1096,Garlic,2800,6000,4400,26-Apr-22
1097,Garlic,1800,4500,3800,31-Jul-17
1098,Garlic,4000,8000,6000,04-Dec-20
1099,Garlic,1500,3000,2600,15-May-14
1100,Garlic,700,2000,1500,11-Nov-18
1101,Garlic,2000,4800,3400,02-Jun-22
1102,Garlic,2000,4500,3200,28-Jan-15
1103,Garlic,2600,5200,4000,04-Aug-15
1104,Garlic,700,2000,1500,08-Dec-18
1105,Garlic,1200,4000,2600,11-Dec-22
1106,Garlic,3300,4500,3500,14-Aug-14
1107,Garlic,500,2000,1400,26-Dec-18
1108,Garlic,5000,9000,7000,10-Jan-21
1109,Garlic,2000,5000,4600,20-May-17
1110,Garlic,5500,10000,7750,15-Sep-20
1111,Garlic,2500,4500,4200,01-Apr-18
1112,Garlic,5000,9000,7000,10-Aug-20
1113,Garlic,8000,13000,10500,19-Sep-23
1114,Garlic,6000,12000,9000,03-Apr-24
1115,Garlic,500,1800,1200,31-Jan-19
1116,Garlic,14000,26000,20000,07-Feb-24
1117,Garlic,1500,2500,2200,05-Feb-14
1118,Garlic,3000,6000,4500,31-May-19
1119,Garlic,6000,14000,11000,28-Jul-23
1120,Garlic,4500,9000,7000,04-Jun-16
1121,Garlic,1800,4500,4000,03-Aug-17
1122,Garlic,700,2000,1500,21-Dec-18
1123,Garlic,3500,7000,5500,09-Aug-19
1124,Garlic,1200,3000,2600,09-Jan-15
1125,Garlic,1000,3800,3000,15-Oct-17
1126,Garlic,3500,6500,5000,24-Nov-21
1127,Garlic,3000,6000,4500,17-Apr-21
1128,Garlic,1200,3500,3000,18-Sep-17
1129,Garlic,4000,7000,5600,17-Mar-20
1130,Garlic,3500,6500,5000,26-Oct-21
1131,Garlic,1200,4000,2800,09-Dec-22
1132,Garlic,1800,4000,3000,24-Nov-17
1133,Garlic,1500,3500,3000,31-Aug-17
1134,Garlic,4200,6400,5300,22-Jun-20
1135,Garlic,5000,10000,7500,20-Nov-16
1136,Garlic,3500,4500,4100,16-Jun-18
1137,Garlic,3500,7500,5500,15-Sep-21
1138,Garlic,3200,6800,5200,29-Apr-23
1139,Garlic,1000,3200,2200,10-Apr-19
1140,Garlic,2200,4800,3500,26-Jul-22
1141,Garlic,1500,4500,3500,07-Jul-15
1142,Garlic,3000,6000,5000,19-Feb-16
1143,Garlic,1500,4000,2800,24-Jul-14
1144,Garlic,2000,5000,4000,16-Apr-18
1145,Garlic,2000,4500,3600,04-Sep-14
1146,Garlic,1500,2500,2200,09-May-14
1147,Garlic,2500,6000,4300,08-Apr-22
1148,Garlic,2000,4500,4100,22-Jun-17
1149,Garlic,5000,10500,7750,26-Nov-20
1150,Garlic,4000,8600,6300,02-Dec-20
1151,Garlic,1500,4000,3500,07-Sep-17
1152,Garlic,1800,5000,3400,18-Jun-22
1153,Garlic,800,2000,1400,04-Oct-22
1154,Garlic,4000,8000,6000,15-Dec-20
1155,Garlic,4000,6000,5800,08-Dec-15
1156,Garlic,3000,6000,4500,18-Jun-19
1157,Garlic,3000,7000,5000,04-Sep-21
1158,Garlic,700,1800,1400,05-Jan-19
1159,Garlic,4000,8200,6100,05-Dec-20
1160,Garlic,3000,6500,5000,18-Mar-17
1161,Garlic,2000,4200,3800,14-Jul-17
1162,Garlic,700,2100,1400,05-Oct-22
1163,Garlic,4000,6000,5700,27-Sep-15
1164,Garlic,4000,6000,4500,15-Mar-16
1165,Garlic,3000,4500,4000,20-Mar-16
1166,Garlic,3500,7000,5250,13-Feb-21
1167,Garlic,5000,15000,11000,12-May-24
1168,Garlic,6000,13000,10500,06-Jan-20
1169,Garlic,1200,3000,2000,03-May-14
1170,Garlic,3000,5500,4250,23-Mar-22
1171,Garlic,3000,6000,4500,22-Apr-22
1172,Garlic,1200,2600,2200,19-Mar-14
1173,Garlic,3000,6500,4800,21-Apr-23
1174,Garlic,5000,7000,6000,05-Sep-16
1175,Garlic,2500,5000,4000,10-Apr-18
1176,Garlic,3200,6000,4600,20-Dec-21
1177,Garlic,1500,4000,2800,22-Jan-23
1178,Garlic,4000,7500,6500,09-Sep-15
1179,Garlic,1000,3200,2100,26-Nov-22
1180,Garlic,1500,5500,4500,28-Oct-17
1181,Garlic,1500,5000,3800,06-Jun-15
1182,Garlic,1000,3200,2400,09-Apr-19
1183,Garlic,5000,10000,7500,04-Mar-24
1184,Garlic,3000,5000,4500,24-Feb-16
1185,Garlic,1200,3000,2200,01-Dec-14
1186,Garlic,700,2000,1500,15-Nov-18
1187,Garlic,700,2300,1500,06-Oct-22
1188,Garlic,6000,8000,6500,03-Feb-16
1189,Garlic,2000,4800,3400,25-Jun-22
1190,Garlic,2600,6000,4300,10-Apr-23
1191,Garlic,1600,4500,4000,24-Aug-14
1192,Garlic,4000,6500,5500,01-Jun-20
1193,Garlic,3000,7000,5000,22-Aug-19
1194,Garlic,6000,9000,7500,21-Dec-16
1195,Garlic,4000,7000,5500,18-May-20
1196,Garlic,2800,5000,3900,31-Jan-22
1197,Garlic,800,900,850,24-Dec-16
1198,Garlic,2200,5000,3600,24-Jun-22
1199,Garlic,2800,6000,4400,28-Mar-23
1200,Garlic,1200,2400,2200,14-Mar-14
1201,Garlic,5000,10000,9000,09-Oct-16
1202,Garlic,1500,3000,2400,24-Dec-14
1203,Garlic,1500,4500,3100,05-Jul-15
1204,Garlic,2000,4800,3400,23-May-22
1205,Garlic,8000,12000,10000,03-Jan-17
1206,Garlic,2000,5000,4400,28-Jun-17
1207,Garlic,1800,4000,3500,17-Mar-15
1208,Garlic,2000,5000,4500,18-May-17
1209,Garlic,1500,4000,3200,30-Aug-17
1210,Garlic,5000,10500,7750,16-Nov-20
1211,Garlic,2000,4000,3000,08-Mar-22
1212,Garlic,2000,5000,3500,21-Jun-22
1213,Garlic,3200,6200,5000,15-May-23
1214,Garlic,5000,11000,8000,14-Sep-20
1215,Garlic,8000,15000,11500,30-Jul-23
1216,Garlic,4200,6200,5600,26-Nov-15
1217,Garlic,3000,6000,5000,11-May-23
1218,Garlic,3000,5000,4500,07-Apr-17
1219,Garlic,2000,4800,3400,08-Jul-22
1220,Garlic,1500,3000,2400,01-Jun-14
1221,Garlic,1500,3000,2400,26-Dec-14
1222,Garlic,1500,5000,4200,12-Nov-17
1223,Garlic,3000,5000,4200,05-Feb-15
1224,Garlic,1800,4200,3000,25-May-22
1225,Garlic,5000,8000,7600,07-Aug-16
1226,Garlic,4000,7500,6550,15-Sep-15
1227,Garlic,2000,5000,3500,19-Mar-23
1228,Garlic,3000,5000,4600,24-Mar-17
1229,Garlic,4500,8500,6500,04-Feb-21
1230,Garlic,1000,3000,2000,17-Aug-22
1231,Garlic,4000,7000,5500,18-Jul-20
1232,Garlic,2000,4500,4000,04-Jul-17
1233,Garlic,3000,5000,4000,07-Feb-22
1234,Garlic,5000,7500,7000,17-Sep-16
1235,Garlic,700,2000,1400,13-Dec-18
1236,Garlic,2000,4500,3200,25-Jan-15
1237,Garlic,3200,6200,4700,20-Jan-22
1238,Garlic,2000,5000,4200,01-May-17
1239,Garlic,1000,4000,3000,08-Oct-17
1240,Garlic,2500,4000,3200,13-May-16
1241,Garlic,1500,5000,3800,30-May-15
1242,Garlic,4000,6000,5400,01-Sep-15
1243,Garlic,5000,10000,9000,15-Feb-20
1244,Garlic,3000,6000,4500,26-Aug-21
1245,Garlic,4200,6000,5700,17-Sep-15
1246,Garlic,2500,5500,4000,15-Apr-22
1247,Garlic,1500,2800,2400,18-Jun-14
1248,Garlic,1500,2600,2300,27-Jun-14
1249,Garlic,6000,16000,13000,07-Jul-24
1250,Garlic,700,2000,1500,27-Oct-18
1251,Garlic,2800,6000,4400,09-Apr-23
1252,Garlic,3000,6800,4900,30-Mar-21
1253,Garlic,6000,14000,10000,21-Apr-24
1254,Garlic,800,3000,1800,15-Nov-14
1255,Garlic,700,1800,1400,01-Jan-19
1256,Garlic,2000,4500,3500,13-May-22
1257,Garlic,700,2000,1700,22-Oct-18
1258,Garlic,1000,3500,2600,12-Apr-19
1259,Garlic,1200,3000,2100,14-Aug-22
1260,Garlic,700,2400,1550,01-Sep-22
1261,Garlic,1500,4500,4000,14-Oct-14
1262,Garlic,2500,6000,4300,06-Apr-22
1263,Garlic,6500,15500,11000,27-Dec-23
1264,Garlic,5000,11000,8500,03-Mar-24
1265,Garlic,5000,10500,7750,15-Nov-20
1266,Garlic,2000,4500,4000,11-Jul-17
1267,Garlic,5000,7500,6500,20-Sep-16
1268,Garlic,1000,2600,2100,02-Jul-18
1269,Garlic,1000,3000,2200,05-Apr-19
1270,Garlic,4500,6500,5500,29-May-20
1271,Garlic,4000,9000,6500,20-Dec-20
1272,Garlic,3000,6000,5200,11-Mar-17
1273,Garlic,4000,6000,5900,05-Dec-15
1274,Garlic,4000,6500,5500,29-Nov-21
1275,Garlic,800,3200,2100,19-Dec-22
1276,Garlic,3000,6000,4500,26-Sep-21
1277,Garlic,1500,4500,3000,14-Mar-23
1278,Garlic,6000,9000,8000,23-Feb-17
1279,Garlic,2500,5500,4000,15-May-22
1280,Garlic,1200,2800,2200,28-Dec-14
1281,Garlic,9000,10000,9500,03-Feb-17
1282,Garlic,2000,4800,3400,09-Jul-22
1283,Garlic,2000,4600,3300,13-Jun-22
1284,Garlic,3000,6500,4800,24-May-19
1285,Garlic,4200,8400,6300,06-Dec-20
1286,Garlic,1800,3600,2700,30-Jul-22
1287,Garlic,3000,6000,4600,25-Jun-19
1288,Garlic,2800,6200,4500,15-Jun-23
1289,Garlic,8000,13000,10500,19-May-24
1290,Garlic,700,2500,1700,18-Jan-19
1291,Garlic,6000,8000,7000,02-Feb-16
1292,Garlic,2000,5000,4500,27-Jul-17
1293,Garlic,3000,7000,5000,05-May-19
1294,Garlic,3500,7500,5500,12-Feb-21
1295,Garlic,700,2400,1600,07-Sep-22
1296,Garlic,3500,7000,5500,11-Aug-19
1297,Garlic,8000,10000,9000,24-Nov-16
1298,Garlic,2000,4500,4200,13-Mar-18
1299,Garlic,1000,2500,2000,22-Jan-19
1300,Garlic,1000,4000,3200,07-Oct-17
1301,Garlic,6000,13000,11000,07-Jan-20
1302,Garlic,8000,17500,13800,15-Aug-24
1303,Garlic,1500,3000,2500,29-May-14
1304,Garlic,3000,6000,5200,09-Mar-17
1305,Garlic,700,2500,2000,01-Apr-19
1306,Garlic,1500,2600,2400,24-Jun-14
1307,Garlic,8000,15000,12000,16-Jan-24
1308,Garlic,4500,9000,6750,13-Jan-21
1309,Garlic,3000,4500,4000,18-Aug-15
1310,Garlic,2500,4700,4000,29-Jan-22
1311,Garlic,3000,5000,4500,15-May-16
1312,Garlic,1500,4000,3600,08-Sep-17
1313,Garlic,500,2000,1400,05-Feb-19
1314,Garlic,1800,4000,2900,09-Mar-22
1315,Garlic,2400,4800,3600,06-Jun-22
1316,Garlic,700,2000,1600,14-Nov-18
1317,Garlic,5000,8000,7500,17-Nov-16
1318,Garlic,1000,4000,3500,11-Oct-17
1319,Garlic,1800,4600,3200,27-May-22
1320,Garlic,1000,3000,2200,15-Jan-15
1321,Garlic,5000,7500,7200,01-Sep-16
1322,Garlic,6000,8000,7000,15-Apr-20
1323,Garlic,2000,4500,3200,27-Feb-15
1324,Garlic,1500,4500,3500,08-Apr-15
1325,Garlic,3500,7000,5300,17-Sep-21
1326,Garlic,800,2800,1800,29-Oct-22
1327,Garlic,4000,6000,5500,23-Nov-15
1328,Garlic,4000,7500,6350,11-Jun-16
1329,Garlic,4000,6000,5000,09-Aug-21
1330,Garlic,3000,7000,5000,16-Jun-23
1331,Garlic,4000,6000,5100,10-Oct-15
1332,Garlic,1500,5000,4000,17-Nov-17
1333,Garlic,3500,6500,5000,29-Sep-21
1334,Garlic,3500,6000,5000,26-Jun-20
1335,Garlic,3000,5000,4200,19-May-19
1336,Garlic,2000,5500,3800,19-Jul-15
1337,Garlic,8000,18000,13000,24-Jul-24
1338,Garlic,800,2000,1400,11-Oct-22
1339,Garlic,4000,9000,6500,15-Mar-24
1340,Garlic,8000,18000,13000,16-Jul-24
1341,Garlic,1500,4500,3500,14-Mar-15
1342,Garlic,2000,5000,4500,27-Jun-17
1343,Garlic,7500,13500,11000,02-Nov-23
1344,Garlic,1000,1800,1600,11-Sep-18
1345,Garlic,4000,7500,6525,10-Jun-16
1346,Garlic,3000,7000,5200,28-Apr-19
1347,Garlic,3200,6000,4600,20-Apr-21
1348,Garlic,2000,5000,3200,21-Feb-15
1349,Garlic,1500,5000,4500,16-Jun-15
1350,Garlic,3000,6500,5000,16-Jun-19
1351,Garlic,2000,5000,3500,01-Jun-22
1352,Garlic,5000,13000,10000,26-Jun-24
1353,Garlic,1300,2400,2200,21-Mar-14
1354,Garlic,1500,4000,3700,26-Nov-17
1355,Garlic,1000,3000,2000,07-Aug-18
1356,Garlic,10000,12000,11000,21-Jan-17
1357,Garlic,1000,2200,1700,03-Apr-14
1358,Garlic,800,3000,2200,13-Nov-14
1359,Garlic,5000,10000,7500,08-Oct-20
1360,Garlic,2400,4800,3600,02-Jul-22
1361,Garlic,3000,7000,5000,18-Feb-21
1362,Garlic,10000,12000,11000,14-Dec-15
1363,Garlic,3000,6000,4500,03-Mar-22
1364,Garlic,2800,6000,4400,14-Jun-23
1365,Garlic,5000,8000,7500,12-Aug-16
1366,Garlic,1000,2800,1900,05-Sep-22
1367,Garlic,4000,6000,5400,30-Aug-15
1368,Garlic,4000,6500,5500,18-Mar-20
1369,Garlic,3000,6000,4500,22-Apr-23
1370,Garlic,4000,7000,5500,25-Nov-21
1371,Garlic,1400,3000,2200,08-Aug-22
1372,Garlic,800,3000,2000,25-Nov-22
1373,Garlic,500,2000,1300,08-Mar-19
1374,Garlic,2500,5000,4000,11-Mar-22
1375,Garlic,7000,14000,12000,11-Oct-23
1376,Garlic,1500,2200,1700,16-Apr-14
1377,Garlic,4000,7500,6000,06-Sep-15
1378,Garlic,2000,5000,3500,14-May-22
1379,Garlic,3000,5000,4300,12-Aug-15
1380,Garlic,700,2000,1600,16-Nov-18
1381,Garlic,4000,8000,6000,08-Feb-21
1382,Garlic,2800,5800,4300,28-Dec-21
1383,Garlic,1500,5000,4000,31-May-15
1384,Garlic,1400,3500,3000,29-Oct-14
1385,Garlic,4000,7000,5500,14-May-20
1386,Garlic,4000,5500,4800,09-Jun-20
1387,Garlic,4500,10500,7500,10-Dec-20
1388,Garlic,2000,5000,3500,29-Mar-22
1389,Garlic,1500,5000,3600,14-Jul-15
1390,Garlic,1000,3000,2200,08-Feb-23
1391,Garlic,3000,7000,5000,24-Aug-19
1392,Garlic,1200,3500,2600,09-Dec-14
1393,Garlic,4500,6500,5500,04-Nov-15
1394,Garlic,1000,3600,2300,13-Nov-22
1395,Garlic,1000,2500,1750,26-Aug-22
1396,Garlic,5200,10000,7600,10-Sep-20
1397,Garlic,3000,6000,4500,10-Mar-21
1398,Garlic,1000,2800,2400,12-Nov-14
1399,Garlic,2800,6200,4500,07-Mar-21
1400,Garlic,2000,4500,3300,28-Mar-22
1401,Garlic,800,2000,1800,25-Nov-18
1402,Garlic,1200,3200,2500,19-Nov-22
1403,Garlic,1200,2200,2000,07-Apr-14
1404,Garlic,3000,5000,4500,21-Mar-16
1405,Garlic,700,2500,1600,20-Mar-19
1406,Garlic,2000,5000,3500,27-Jul-22
1407,Garlic,1200,3000,2400,28-Nov-14
1408,Garlic,7000,14000,12000,19-Oct-23
1409,Garlic,5000,10000,7500,26-Mar-24
1410,Garlic,4000,6000,5650,16-Sep-15
1411,Garlic,2000,5000,4500,08-Jun-17
1412,Garlic,5000,8000,7500,18-Nov-16
1413,Garlic,2500,5000,4200,12-Apr-17
1414,Garlic,2000,4500,4000,29-Aug-14
1415,Garlic,3000,6000,5200,07-Mar-17
1416,Garlic,3000,6000,4500,23-May-19
1417,Garlic,4000,11000,7500,09-Nov-20
1418,Garlic,4000,6000,5850,06-Dec-15
1419,Garlic,4000,6000,5200,05-Mar-20
1420,Garlic,1800,2300,2100,23-Apr-14
1421,Garlic,700,2000,1350,23-Aug-22
1422,Garlic,500,2000,1400,15-Feb-19
1423,Garlic,5000,10000,8000,07-Mar-24
1424,Garlic,3000,6000,4500,06-Apr-21
1425,Garlic,0,0,2400,10-Jun-14
1426,Garlic,500,2000,1500,25-Dec-18
1427,Garlic,4200,6000,5100,16-Jul-20
1428,Garlic,3000,5000,4500,08-May-16
1429,Garlic,1000,2800,1900,07-Aug-22
1430,Garlic,6500,13500,11000,05-Jan-24
1431,Garlic,2000,6500,5200,28-May-17
1432,Garlic,2000,4400,3200,12-Jun-22
1433,Garlic,2800,6000,4400,12-Jun-23
1434,Garlic,4000,9000,6500,19-Jan-21
1435,Garlic,1500,4500,4200,21-Dec-17
1436,Garlic,5000,9500,7250,29-Sep-20
1437,Garlic,3000,5000,4200,10-Aug-15
1438,Garlic,5000,10000,7500,08-Mar-24
1439,Garlic,3500,6500,6000,03-Mar-17
1440,Garlic,1200,4500,4000,23-Oct-17
1441,Garlic,8000,15000,12000,08-Dec-23
1442,Garlic,1500,3500,2600,21-May-14
1443,Garlic,3000,6000,4500,08-Apr-23
1444,Garlic,4600,10500,7550,02-Oct-20
1445,Garlic,3000,6500,5000,03-Jul-19
1446,Garlic,1800,4400,3100,10-Jun-22
1447,Garlic,3000,5000,4500,05-Apr-16
1448,Garlic,2000,6500,4800,26-May-17
1449,Garlic,500,2000,1400,07-Mar-19
1450,Garlic,4000,6000,5500,23-Oct-15
1451,Garlic,8000,15000,11500,12-Sep-23
1452,Garlic,1000,2200,2000,09-Mar-14
1453,Garlic,5000,7000,6000,08-Sep-16
1454,Garlic,500,2000,1500,16-Feb-19
1455,Garlic,3000,5800,4400,21-Mar-22
1456,Garlic,3000,7000,5000,23-Feb-21
1457,Garlic,8000,16000,12000,10-Jul-24
1458,Garlic,6000,13000,10500,12-Jan-24
1459,Garlic,1500,4500,3600,01-Apr-15
1460,Garlic,1500,4500,3800,28-Sep-14
1461,Garlic,3000,5000,4800,11-Apr-16
1462,Garlic,8000,10000,9000,04-Jan-17
1463,Garlic,8000,9000,8500,31-Dec-16
1464,Garlic,4500,6000,5300,29-Jun-20
1465,Garlic,4800,8600,6700,16-Jan-21
1466,Garlic,1500,4500,4000,15-Sep-14
1467,Garlic,8000,18000,13000,13-Aug-24
1468,Garlic,1000,3000,1900,16-Nov-14
1469,Garlic,15000,26000,20500,06-Feb-24
1470,Garlic,7000,18000,12500,25-Jul-24
1471,Garlic,3000,6000,4500,13-Jun-23
1472,Garlic,3000,7000,5000,16-Sep-21
1473,Garlic,7000,14000,11000,29-Jan-24
1474,Garlic,17000,26000,22000,20-Feb-24
1475,Garlic,1500,5000,4200,22-Oct-17
1476,Garlic,2500,5000,4200,31-Jan-15
1477,Garlic,1200,3000,2100,02-Aug-22
1478,Garlic,8000,14000,11000,28-Feb-24
1479,Garlic,1500,4500,3200,29-Jun-15
1480,Garlic,5000,7500,6100,18-Jun-16
1481,Garlic,1000,2000,1800,20-Jun-18
1482,Garlic,1500,4000,2800,02-Feb-23
1483,Garlic,4800,9000,6900,16-Aug-20
1484,Garlic,5000,11000,8000,06-Oct-20
1485,Garlic,2000,5000,3200,16-Feb-15
1486,Garlic,500,1800,1300,28-Feb-19
1487,Garlic,4000,6500,5300,19-Jun-20
1488,Garlic,800,2800,1800,17-Feb-23
1489,Garlic,4500,9000,6800,14-Mar-24
1490,Garlic,800,2000,1800,15-Sep-18
1491,Garlic,1500,4500,4000,25-Dec-17
1492,Garlic,4000,6000,5600,01-Oct-15
1493,Garlic,4000,9000,6500,12-Dec-20
1494,Garlic,4000,6000,5000,10-Jun-20
1495,Garlic,500,2000,1300,06-Mar-19
1496,Garlic,3200,6000,4600,18-Apr-23
1497,Garlic,5000,7500,6000,15-Jun-16
1498,Garlic,700,2000,1600,12-Oct-18
1499,Garlic,600,1800,1200,18-Dec-18
1500,Garlic,2000,4000,3000,23-Jul-22
1501,Garlic,3000,6500,4800,01-Jul-19
1502,Garlic,1500,5000,3600,21-Jun-15
1503,Garlic,3000,7000,5200,01-May-19
1504,Garlic,3000,6000,4500,28-Sep-21
1505,Garlic,1000,2200,1900,08-Mar-14
1506,Garlic,2000,5000,3000,13-Apr-18
1507,Garlic,3000,6000,4500,05-Apr-23
1508,Garlic,1500,4500,3800,03-Apr-15
1509,Garlic,3000,5000,4500,18-Mar-16
1510,Garlic,2000,5000,4200,19-Apr-17
1511,Garlic,2400,5000,3700,07-Jul-22
1512,Garlic,4200,6200,5700,30-Nov-15
1513,Garlic,4000,7000,5500,19-Sep-21
1514,Garlic,3000,6000,4500,16-Mar-22
1515,Garlic,8000,14000,11000,24-Oct-23
1516,Garlic,1300,3600,3400,20-Sep-17
1517,Garlic,2000,4600,4000,21-Jun-17
1518,Garlic,8000,15000,12000,02-Sep-23
1519,Garlic,3000,5000,4500,25-Apr-16
1520,Garlic,5000,10500,7750,18-Oct-20
1521,Garlic,3000,6500,4800,22-Jun-23
1522,Garlic,2000,5000,3000,17-Feb-15
1523,Garlic,800,1800,1600,17-Sep-18
1524,Garlic,4400,7200,5800,26-Jul-20
1525,Garlic,1000,3000,2200,24-Aug-18
1526,Garlic,3500,6500,5000,09-Sep-21
1527,Garlic,6000,8000,6800,31-Jan-16
1528,Garlic,1500,4800,4000,24-Sep-14
1529,Garlic,3000,5000,3800,13-Feb-15
1530,Garlic,4500,9000,7000,03-Jun-16
1531,Garlic,1400,4200,2800,25-Jan-23
1532,Garlic,1500,2500,2000,07-May-14
1533,Garlic,4000,6000,5000,15-Aug-21
1534,Garlic,1500,4500,3200,04-Mar-15
1535,Garlic,4500,9000,6850,30-Aug-20
1536,Garlic,8000,10000,9000,26-Nov-16
1537,Garlic,700,2000,1400,26-Oct-18
1538,Garlic,2500,5000,3800,06-Mar-22
1539,Garlic,3000,6200,4600,26-Apr-23
1540,Garlic,3000,6000,4500,03-Aug-19
1541,Garlic,700,2000,1800,07-Nov-18
1542,Garlic,2500,5000,4200,08-Apr-17
1543,Garlic,1200,2600,2100,25-Jul-18
1544,Garlic,15000,26000,22000,01-Feb-24
1545,Garlic,3000,5000,4500,06-May-16
1546,Garlic,4000,8000,7500,11-Aug-16
1547,Garlic,1500,5000,4000,17-Jun-15
1548,Garlic,2000,4500,4000,16-Jun-17
1549,Garlic,1600,4000,2800,27-Jan-23
1550,Garlic,3000,7000,5000,17-Aug-19
1551,Garlic,1200,3000,2400,07-Jan-15
1552,Garlic,1000,2000,1800,09-Sep-18
1553,Garlic,500,1800,1300,12-Jan-19
1554,Garlic,4000,8500,6250,30-Jul-20
1555,Garlic,2000,5000,3500,01-Mar-22
1556,Garlic,1200,2400,2000,13-Mar-14
1557,Garlic,3000,7000,5200,18-Aug-19
1558,Garlic,5000,11000,8000,13-Nov-20
1559,Garlic,3000,6500,4800,02-May-23
1560,Garlic,1000,4000,3200,16-Oct-17
1561,Garlic,4000,7500,6000,05-Sep-15
1562,Garlic,5000,11000,8000,22-Nov-20
1563,Garlic,6500,14000,10500,02-Jan-24
1564,Garlic,4500,7500,6000,15-May-20
1565,Garlic,1200,2800,2200,03-Aug-18
1566,Garlic,1000,3500,2500,23-Apr-19
1567,Garlic,1000,2500,2200,24-Jun-18
1568,Garlic,5500,10500,8000,19-Nov-20
1569,Garlic,4000,9000,6500,28-Mar-24
1570,Garlic,1500,4000,3500,14-Aug-17
1571,Garlic,500,1800,1400,07-Jan-19
1572,Garlic,7000,14000,12000,10-Oct-23
1573,Garlic,6000,14000,10000,03-Jun-24
1574,Garlic,5000,12000,10000,10-Feb-20
1575,Garlic,3500,7000,5250,22-Sep-21
1576,Garlic,5000,9500,7250,03-Sep-20
1577,Garlic,8000,14000,11000,28-Jan-24
1578,Garlic,1500,3000,2200,20-Dec-14
1579,Garlic,2000,4500,4000,26-Mar-18
1580,Garlic,1000,2500,1900,20-May-18
1581,Garlic,2800,5000,3900,05-Jan-22
1582,Garlic,5000,9000,7550,30-Jun-16
1583,Garlic,800,2000,1500,22-Nov-18
1584,Garlic,5000,13000,10000,31-Jan-20
1585,Garlic,1000,2200,1900,02-Mar-14
1586,Garlic,3000,5000,4200,04-Mar-16
1587,Garlic,8000,10000,9500,07-Jan-17
1588,Garlic,7000,9000,8200,19-Feb-17
1589,Garlic,2200,5200,4200,03-May-17
1590,Garlic,700,2300,1500,08-Jan-23
1591,Garlic,6000,14000,10000,17-May-24
1592,Garlic,5500,14500,11000,11-May-24
1593,Garlic,6000,13000,10000,05-Jan-20
1594,Garlic,1000,2500,2200,23-Jun-18
1595,Garlic,6000,13000,9500,22-Jan-20
1596,Garlic,5000,9000,8500,15-Oct-16
1597,Garlic,2800,6000,4400,23-Apr-23
1598,Garlic,4500,9000,6800,31-Jul-20
1599,Garlic,1200,2800,2300,04-Aug-18
1600,Garlic,2000,4000,3000,05-May-22
1601,Garlic,4100,6000,5600,20-Sep-15
1602,Garlic,2800,5000,3900,27-Jan-22
1603,Garlic,2500,5500,4000,28-Apr-22
1604,Garlic,3000,5000,4500,23-Feb-16
1605,Garlic,8000,9000,8000,14-Feb-17
1606,Garlic,6000,9000,7500,22-Feb-17
1607,Garlic,1200,2400,2200,05-Jun-18
1608,Garlic,6000,13000,9500,17-Jan-20
1609,Garlic,3500,8000,6200,25-Jun-16
1610,Garlic,4200,7500,5850,19-Jul-20
1611,Garlic,4000,11000,7500,28-Nov-20
1612,Garlic,8000,14000,11000,15-Nov-23
1613,Garlic,1500,4500,3200,12-Mar-15
1614,Garlic,4000,5500,5000,23-Mar-16
1615,Garlic,3000,6500,4800,12-Jun-19
1616,Garlic,4000,6000,5800,22-Oct-15
1617,Garlic,3000,6000,5000,20-Feb-16
1618,Garlic,3500,6000,5000,23-Sep-21
1619,Garlic,700,2100,1400,08-Oct-22
1620,Garlic,2000,2700,2500,20-Jan-14
1621,Garlic,3000,5000,4000,10-Feb-15
1622,Garlic,3400,6200,4800,09-Mar-20
1623,Garlic,4000,6500,5300,27-Feb-20
1624,Garlic,8000,9000,8500,04-Feb-17
1625,Garlic,4000,7000,5500,12-May-20
1626,Garlic,4500,9000,6750,23-Jan-21
1627,Garlic,2000,3200,2800,13-Jan-14
1628,Garlic,5000,7000,6500,10-Sep-16
1629,Garlic,3000,6000,5000,04-Mar-17
1630,Garlic,8000,19000,13500,14-Aug-24
1631,Garlic,4200,6200,5700,01-Dec-15
1632,Garlic,8000,9000,8300,12-Feb-17
1633,Garlic,2500,6000,4300,03-Apr-22
1634,Garlic,1200,3500,2600,04-Nov-14
1635,Garlic,4000,6500,5300,15-Jul-20
1636,Garlic,800,2600,1700,29-Aug-22
1637,Garlic,2000,5000,3500,27-Mar-18
1638,Garlic,4500,9000,6750,26-Jan-21
1639,Garlic,4000,7000,5500,14-Sep-21
1640,Garlic,1000,4000,2000,30-Nov-22
1641,Garlic,1500,4000,2800,15-Jan-23
1642,Garlic,3200,6000,4600,18-Jan-22
1643,Garlic,1500,4000,2800,13-Mar-23
1644,Garlic,5000,8000,6500,20-Jun-24
1645,Garlic,4000,6000,5200,29-Feb-20
1646,Garlic,4000,6000,5000,16-Jun-20
1647,Garlic,2200,5000,3600,20-May-22
1648,Garlic,1000,3500,2400,20-Nov-22
1649,Garlic,1000,2000,1700,25-Mar-14
1650,Garlic,7000,14000,11000,01-Jan-24
1651,Garlic,3000,7000,5000,27-Jul-19
1652,Garlic,1000,2500,2200,23-May-18
1653,Garlic,1500,5000,3500,03-Jul-15
1654,Garlic,1000,2300,2100,27-May-18
1655,Garlic,7500,9000,8500,16-Feb-17
1656,Garlic,4500,10000,7250,10-Oct-20
1657,Garlic,4000,9000,6500,24-Jan-21
1658,Garlic,1500,4000,3600,23-Nov-17
1659,Garlic,3000,6000,4500,26-May-19
1660,Garlic,2800,6200,4500,17-Mar-21
1661,Garlic,1500,4500,3600,16-Dec-17
1662,Garlic,2200,4400,3300,15-Jun-22
1663,Garlic,3000,5000,4800,07-Apr-16
1664,Garlic,1000,2000,1600,30-Mar-14
1665,Garlic,0,0,1700,04-Apr-14
1666,Garlic,700,2000,1600,18-Oct-18
1667,Garlic,3500,6500,5000,21-Jun-23
1668,Garlic,4000,7500,6500,09-Jun-16
1669,Garlic,4200,9600,6900,27-Oct-20
1670,Garlic,1800,4000,3200,20-Mar-15
1671,Garlic,800,2000,1800,14-Sep-18
1672,Garlic,4000,6500,5300,14-Jun-20
1673,Garlic,1000,2200,2000,11-Mar-14
1674,Garlic,3000,6000,4500,21-Apr-21
1675,Garlic,800,1800,1600,13-Sep-18
1676,Garlic,2400,6000,4200,07-Apr-22
1677,Garlic,3500,6500,5000,12-Aug-21
1678,Garlic,1500,4000,3200,13-Aug-17
1679,Garlic,500,2000,1250,12-Mar-19
1680,Garlic,8000,14000,11000,22-Oct-23
1681,Garlic,3000,6000,4500,15-Apr-21
1682,Garlic,800,2800,1900,09-Nov-22
1683,Garlic,5000,12500,10000,02-Feb-20
1684,Garlic,1500,4500,3000,24-Jan-23
1685,Garlic,1200,3500,2600,15-Dec-14
1686,Garlic,1200,2500,2100,20-Jul-18
1687,Garlic,7000,14000,11000,18-May-24
1688,Garlic,1500,3000,2400,30-Dec-14
1689,Garlic,7000,12000,10000,28-Dec-15
1690,Garlic,7000,15000,11000,17-Jun-24
1691,Garlic,5000,7000,6500,13-Sep-16
1692,Garlic,1000,3500,2600,10-Nov-14
1693,Garlic,2800,5800,4800,03-Aug-15
1694,Garlic,16000,26000,21000,12-Feb-24
1695,Garlic,4000,8500,6250,19-Dec-20
1696,Garlic,7000,9000,8000,17-Feb-17
1697,Garlic,1000,4000,3500,26-Sep-17
1698,Garlic,1000,2500,2200,25-May-18
1699,Garlic,5000,9000,7000,15-Jan-21
1700,Garlic,2000,5500,4800,02-Jun-17
1701,Garlic,2000,6000,4000,24-Apr-19
1702,Garlic,4000,8000,6000,24-Jul-20
1703,Garlic,4000,6000,5500,12-Feb-16
1704,Garlic,4500,10000,7250,19-Oct-20
1705,Garlic,5000,10000,7500,21-Nov-20
1706,Garlic,7000,16000,11500,06-Jul-24
1707,Garlic,4000,6500,5500,22-May-20
1708,Garlic,4500,8000,6300,23-Jul-20
1709,Garlic,6500,15000,11000,05-Jun-24
1710,Garlic,1200,3000,2600,22-Nov-14
1711,Garlic,4200,6400,5300,09-Jul-20
1712,Garlic,2500,6500,4500,18-Apr-22
1713,Garlic,800,2400,1600,15-Sep-22
1714,Garlic,6500,14000,12000,15-May-24
1715,Garlic,3000,5500,4600,07-Aug-15
1716,Garlic,800,2600,1700,04-Sep-22
1717,Garlic,4000,6500,5300,21-May-20
1718,Garlic,4500,6500,5500,02-Jul-20
1719,Garlic,4000,9500,6750,25-Dec-20
1720,Garlic,1500,2500,1800,20-Apr-14
1721,Garlic,4500,6300,5400,13-Jun-20
1722,Garlic,6500,13500,10000,30-Nov-23
1723,Garlic,2500,6000,4250,29-Apr-22
1724,Garlic,800,3200,2000,27-Feb-23
1725,Garlic,6000,9000,8000,09-Nov-16
1726,Garlic,1000,2700,2300,18-Jul-18
1727,Garlic,7000,18000,12500,13-Jul-24
1728,Garlic,5000,10000,7500,09-Dec-20
1729,Garlic,1500,3000,2400,17-May-14
1730,Garlic,1000,3500,2600,15-Apr-19
1731,Garlic,3000,7000,5000,28-Aug-19
1732,Garlic,1500,5000,4000,24-Oct-17
1733,Garlic,2000,4500,4000,24-Mar-18
1734,Garlic,2000,4500,3300,08-Jul-15
1735,Garlic,3000,6000,4000,28-Feb-16
1736,Garlic,3000,6000,4500,19-Jan-22
1737,Garlic,5000,8000,7000,28-Jun-16
1738,Garlic,3000,7500,5250,31-Dec-20
1739,Garlic,5000,7500,7000,12-Sep-16
1740,Garlic,1000,3500,2400,13-Apr-19
1741,Garlic,800,2800,1800,12-Oct-22
1742,Garlic,3500,7000,5250,07-Nov-21
1743,Garlic,5000,10000,7500,18-Nov-20
1744,Garlic,1200,2400,2000,18-Mar-14
1745,Garlic,1200,3500,2500,12-Dec-14
1746,Garlic,1500,4000,2800,31-Jul-14
1747,Garlic,8000,14000,9000,01-Jan-16
1748,Garlic,2000,4500,4000,16-Mar-18
1749,Garlic,5000,8000,7500,16-Nov-16
1750,Garlic,700,2500,1800,28-Mar-19
1751,Garlic,800,3200,2200,05-Mar-23
1752,Garlic,4000,6000,5500,11-Feb-16
1753,Garlic,1200,3800,2500,12-Nov-22
1754,Garlic,8500,14000,11500,29-Aug-23
1755,Garlic,1000,4000,3000,06-Oct-17
1756,Garlic,500,1800,1300,20-Feb-19
1757,Garlic,2000,5000,4000,09-Aug-14
1758,Garlic,1600,4000,3000,24-Mar-15
1759,Garlic,1800,4000,2900,24-May-22
1760,Garlic,5000,10000,7500,11-Jul-23
1761,Garlic,3000,6000,4500,09-May-19
1762,Garlic,4500,7000,5750,27-Jul-20
1763,Garlic,1500,4000,3600,15-Aug-17
1764,Garlic,700,1800,1450,06-Jan-19
1765,Garlic,5000,11000,8000,12-Jul-23
1766,Garlic,6000,13000,9500,01-Dec-23
1767,Garlic,3200,6200,4700,21-Mar-21
1768,Garlic,800,2000,1500,20-Nov-18
1769,Garlic,4000,7500,5800,09-May-20
1770,Garlic,3500,6500,5000,10-Aug-21
1771,Garlic,9000,15000,13000,05-Oct-23
1772,Garlic,6000,17000,11500,28-Apr-24
1773,Garlic,1000,2000,1800,02-Apr-14
1774,Garlic,4500,9000,7000,26-Sep-20
1775,Garlic,2800,6000,4400,07-Apr-23
1776,Garlic,3000,5000,3500,15-Feb-15
1777,Garlic,4000,9000,7500,25-Jul-16
1778,Garlic,1500,4000,3600,23-Dec-17
1779,Garlic,700,2000,1600,08-Oct-18
1780,Garlic,700,2000,1500,11-Dec-18
1781,Garlic,3500,6000,4750,10-Nov-21
1782,Garlic,500,1800,1300,08-Jan-19
1783,Garlic,4000,6500,5500,20-Mar-20
1784,Garlic,8000,13000,10500,29-Feb-24
1785,Garlic,3000,5500,4500,20-Apr-17
1786,Garlic,1500,3500,3000,04-Aug-17
1787,Garlic,500,2400,1500,18-Mar-19
1788,Garlic,3000,6000,4500,15-Jan-22
1789,Garlic,1000,2000,1600,06-May-19
1790,Garlic,5000,9000,8500,14-Oct-16
1791,Garlic,1600,5500,4200,13-Jun-15
1792,Garlic,3000,7000,5000,23-Jul-19
1793,Garlic,3000,6000,4500,24-Jan-22
1794,Garlic,1200,2200,1800,05-Apr-14
1795,Garlic,5000,8000,7500,30-Jul-16
1796,Garlic,4000,8000,6000,02-Aug-20
1797,Garlic,2000,5000,3500,19-May-22
1798,Garlic,6000,8000,7500,14-Jul-16
1799,Garlic,3000,4000,3500,09-Apr-21
1800,Garlic,1600,4500,3500,27-Mar-15
1801,Garlic,5000,9000,7000,09-Mar-24
1802,Garlic,1500,4500,4000,06-Dec-17
1803,Garlic,1000,3000,2200,06-Feb-23
1804,Garlic,500,1600,1300,25-Mar-19
1805,Garlic,2000,5000,4200,06-Jun-17
1806,Garlic,3000,7000,5000,22-Mar-21
1807,Garlic,3200,6000,4600,03-Apr-23
1808,Garlic,2500,5000,3800,25-Jan-22
1809,Garlic,4000,6000,5500,14-Nov-15
1810,Garlic,700,2000,1500,25-Oct-18
1811,Garlic,1000,2000,1600,23-Mar-14
1812,Garlic,3000,6200,4600,25-Sep-21
1813,Garlic,13000,15000,14000,11-Dec-15
1814,Garlic,1500,4000,3700,09-Sep-17
1815,Garlic,1800,4000,3000,21-Mar-15
1816,Garlic,2500,4500,4000,15-Apr-17
1817,Garlic,3000,5400,4200,02-Feb-22
1818,Garlic,1500,5000,4500,08-Nov-17
1819,Garlic,1500,3000,2600,28-May-14
1820,Garlic,1000,3000,2400,21-Jan-15
1821,Garlic,5000,10000,7500,08-Sep-20
1822,Garlic,3000,6000,4600,11-May-19
1823,Garlic,3500,6500,5000,05-Aug-19
1824,Garlic,1500,4500,4000,08-Dec-17
1825,Garlic,1000,2200,2000,22-Jun-18
1826,Garlic,3000,6000,4500,06-Jan-22
1827,Garlic,800,3200,2000,10-Feb-23
1828,Garlic,4000,5000,4500,12-Mar-16
1829,Garlic,600,1800,1500,27-Sep-18
1830,Garlic,3000,6000,4500,24-Apr-23
1831,Garlic,1100,2700,2200,13-Jul-18
1832,Garlic,3000,5000,3600,14-Feb-15
1833,Garlic,1500,3500,2600,19-Jul-14
1834,Garlic,3000,6000,4500,04-May-23
1835,Garlic,2200,4000,3100,07-May-22
1836,Garlic,4000,6000,5500,16-Feb-16
1837,Garlic,1000,3000,2000,18-Aug-18
1838,Garlic,800,3000,2000,01-Mar-23
1839,Garlic,2800,5000,4000,07-Mar-22
1840,Garlic,4500,8500,6500,02-Apr-24
1841,Garlic,1500,4500,4000,11-Oct-14
1842,Garlic,2800,6000,4400,28-Jun-23
1843,Garlic,2200,5400,4000,21-Mar-23
1844,Garlic,5000,12000,9000,25-Jan-20
1845,Garlic,2800,5000,3900,25-Mar-22
1846,Garlic,3000,7000,5000,11-Feb-21
1847,Garlic,1500,2500,1800,18-Apr-14
1848,Garlic,4200,9400,6800,20-Aug-20
1849,Garlic,500,2000,1400,11-Feb-19
1850,Garlic,2000,5500,4000,18-Jul-15
1851,Garlic,1500,3000,2200,22-Jan-14
1852,Garlic,5000,13000,9000,07-Apr-24
1853,Garlic,2000,4500,4000,17-Jul-17
1854,Garlic,1000,2800,2200,19-Nov-14
1855,Garlic,1000,2600,2200,05-Jul-18
1856,Garlic,3000,5600,4300,12-Jan-22
1857,Garlic,5000,11000,8000,20-Nov-20
1858,Garlic,2000,5500,4700,05-Jun-17
1859,Garlic,3500,8000,5750,16-Feb-21
1860,Garlic,1200,3000,2100,16-Aug-22
1861,Garlic,1000,2500,2200,24-May-18
1862,Garlic,1200,4000,2700,15-Dec-22
1863,Garlic,3000,7000,5000,04-Jan-21
1864,Garlic,2000,4500,4000,25-Mar-18
1865,Garlic,700,2500,1700,30-Mar-19
1866,Garlic,5000,11000,8000,12-Sep-20
1867,Garlic,2800,6000,4400,22-Apr-21
1868,Garlic,6500,15000,11500,30-Apr-24
1869,Garlic,1500,3600,2650,03-Sep-17
1870,Garlic,1400,2100,1800,07-Apr-21
1871,Garlic,1000,3000,2400,18-Jan-15
1872,Garlic,800,2200,1600,19-Nov-18
1873,Garlic,2500,5500,4500,24-Jul-15
1874,Garlic,2200,6000,4100,01-Apr-22
1875,Garlic,5000,11000,8000,16-Sep-20
1876,Garlic,1000,3500,2500,14-Apr-19
1877,Garlic,8000,10000,9000,25-Nov-16
1878,Garlic,2000,3500,3000,12-Jan-14
1879,Garlic,5000,9000,8000,25-Feb-20
1880,Garlic,700,2500,1600,26-Mar-19
1881,Garlic,7000,12000,10000,27-Dec-15
1882,Garlic,700,2600,1650,30-Oct-22
1883,Garlic,4100,6000,5700,22-Sep-15
1884,Garlic,6000,13000,10000,02-Jan-20
1885,Garlic,4500,10000,7500,04-Nov-20
1886,Garlic,5000,13000,10000,23-Jul-23
1887,Garlic,5500,11000,8250,13-Sep-20
1888,Garlic,5000,9000,8500,22-Oct-16
1889,Garlic,4000,9000,7500,20-Jul-16
1890,Garlic,3000,5000,4600,24-Apr-16
1891,Garlic,1900,2400,2100,04-Feb-14
1892,Garlic,500,2000,1300,03-Mar-19
1893,Garlic,2800,7000,4900,25-Mar-21
1894,Garlic,500,2200,1500,15-Mar-19
1895,Garlic,1800,4500,4000,05-Sep-14
1896,Garlic,8000,14000,11500,30-Oct-23
1897,Garlic,6000,15000,11500,04-Jun-24
1898,Garlic,3000,6000,4500,21-Aug-21
1899,Garlic,1300,4000,3200,25-Sep-17
1900,Garlic,1500,4000,2500,30-Jul-14
1901,Garlic,1000,2500,2200,17-May-18
1902,Garlic,10000,12000,11000,29-Jan-17
1903,Garlic,1000,2800,2400,17-Jul-18
1904,Garlic,3000,6400,4700,22-Dec-21
1905,Garlic,3000,7000,5000,28-Apr-23
1906,Garlic,3000,6000,4500,22-Jun-19
1907,Garlic,2500,4500,4200,17-May-16
1908,Garlic,3000,6000,4600,08-May-19
1909,Garlic,4500,11000,7750,07-Oct-20
1910,Garlic,2000,5000,3500,16-Jun-22
1911,Garlic,1500,4000,2800,17-Jan-23
1912,Garlic,5000,10000,7500,04-Oct-20
1913,Garlic,4500,9500,7000,18-Mar-24
1914,Garlic,2000,5000,4000,31-Aug-14
1915,Garlic,1500,3000,2400,21-Dec-14
1916,Garlic,2500,5000,4000,09-Apr-17
1917,Garlic,3000,7000,5000,13-Jul-19
1918,Garlic,4000,7000,5500,13-Sep-21
1919,Garlic,2500,5500,4000,14-Mar-22
1920,Garlic,2000,5000,3600,17-Aug-14
1921,Garlic,4000,8000,6000,17-Feb-21
1922,Garlic,16000,29000,22500,14-Feb-24
1923,Garlic,600,1800,1300,23-Dec-18
1924,Garlic,8000,17000,12500,11-Jul-24
1925,Garlic,700,2700,1800,07-Nov-22
1926,Garlic,3000,6000,5000,07-Dec-16
1927,Garlic,3000,7000,5000,26-Apr-19
1928,Garlic,5000,11000,8000,11-Nov-20
1929,Garlic,3000,6000,4500,08-Mar-21
1930,Garlic,3000,6000,4500,23-Apr-21
1931,Garlic,600,2000,1400,17-Dec-18
1932,Garlic,4000,7000,5500,15-Mar-20
1933,Garlic,7000,13000,10000,01-Mar-24
1934,Garlic,5000,9000,8000,19-Oct-16
1935,Garlic,8000,17000,12500,19-Jul-24
1936,Garlic,1500,4500,3600,09-Jun-15
1937,Garlic,4200,6000,5200,16-Oct-15
1938,Garlic,700,2200,1500,30-Nov-18
1939,Garlic,7000,14000,10500,03-Nov-23
1940,Garlic,700,2000,1700,30-Oct-18
1941,Garlic,8000,13000,11000,16-Sep-23
1942,Garlic,6000,12500,9500,20-Jan-20
1943,Garlic,800,4000,2600,11-Mar-23
1944,Garlic,2500,4500,3600,20-Aug-14
1945,Garlic,700,3000,1900,29-Dec-22
1946,Garlic,7000,14000,10500,31-Jul-23
1947,Garlic,2500,4000,3150,14-May-16
1948,Garlic,8000,14000,11000,13-Sep-23
1949,Garlic,1000,2500,2200,09-May-18
1950,Garlic,1000,3000,2600,20-Jan-15
1951,Garlic,3000,5000,4000,09-Feb-15
1952,Garlic,1500,5500,4500,05-Nov-17
1953,Garlic,1200,2400,2000,06-Jun-18
1954,Garlic,2000,4200,3100,28-Feb-22
1955,Garlic,3000,5000,4500,29-Feb-16
1956,Garlic,2000,4500,4000,23-Mar-18
1957,Garlic,5000,8000,6500,22-Jul-20
1958,Garlic,12000,15000,13500,27-Feb-24
1959,Garlic,700,2000,1800,04-Oct-18
1960,Garlic,6000,9500,8550,07-Jul-16
1961,Garlic,3500,7500,5500,26-Nov-21
1962,Garlic,2000,4000,3000,22-Feb-22
1963,Garlic,15000,28000,22000,23-Feb-24
1964,Garlic,3000,6000,4500,28-May-19
1965,Garlic,3000,6000,4600,28-Jun-19
1966,Garlic,15000,25000,21000,31-Jan-24
1967,Garlic,5000,12000,9000,08-Feb-20
1968,Garlic,4000,8000,6500,12-Jun-16
1969,Garlic,1000,3500,2700,04-Oct-17
1970,Garlic,1000,2800,1800,17-Aug-18
1971,Garlic,2000,5500,4000,22-Jul-15
1972,Garlic,3000,6400,4700,11-Mar-21
1973,Garlic,4000,6000,5000,17-Feb-16
1974,Garlic,3000,6500,4800,20-Jun-19
1975,Garlic,8000,15000,11500,04-Sep-23
1976,Garlic,5000,10000,9500,08-Oct-16
1977,Garlic,3000,5000,4200,27-Mar-17
1978,Garlic,4000,6800,5400,31-May-20
1979,Garlic,6000,12000,9000,11-Jan-20
1980,Garlic,4000,6500,5400,25-May-20
1981,Garlic,4000,6000,5000,26-May-20
1982,Garlic,4000,7000,5500,20-Feb-21
1983,Garlic,5000,10000,7500,29-Mar-24
1984,Garlic,4000,6000,5600,30-Sep-15
1985,Garlic,6500,9000,8200,24-Feb-17
1986,Garlic,2000,5000,4500,29-Jun-17
1987,Garlic,1500,3000,2500,04-Jun-14
1988,Garlic,1200,3000,2400,21-Nov-14
1989,Garlic,7000,15000,12000,01-May-24
1990,Garlic,1500,4500,3600,28-Jul-17
1991,Garlic,5000,11000,8500,18-Feb-20
1992,Garlic,4000,10000,7000,24-Oct-20
1993,Garlic,1500,4000,2800,18-Feb-22
1994,Garlic,500,2000,1400,17-Feb-19
1995,Garlic,2200,5000,3600,26-Jun-22
1996,Garlic,8000,17000,12500,30-Jul-24
1997,Garlic,700,2000,1800,10-Oct-18
1998,Garlic,1500,3000,2200,30-Apr-14
1999,Garlic,2000,4000,3000,10-Mar-22
2000,Garlic,4000,7000,6500,09-Nov-15
2001,Garlic,7000,13000,10000,01-Nov-23
2002,Garlic,2000,4500,4200,07-Jul-17
2003,Garlic,600,2000,1400,05-Dec-18
2004,Garlic,900,2000,1500,12-Dec-18
2005,Garlic,1500,2500,1800,06-Feb-14
2006,Garlic,1500,2500,2200,22-Jun-14
2007,Garlic,1500,4500,3000,15-Dec-17
2008,Garlic,8000,16000,12000,21-Dec-23
2009,Garlic,1500,2400,2000,26-Apr-14
2010,Garlic,2800,5000,3900,06-Feb-22
2011,Garlic,5000,11500,7750,29-Nov-20
2012,Garlic,2000,4500,3400,12-Jul-15
2013,Garlic,4000,5000,4500,11-Mar-16
2014,Garlic,700,3000,2000,18-Dec-22
2015,Garlic,2000,4500,4000,19-Jun-17
2016,Garlic,5000,15000,10000,10-May-24
2017,Garlic,4000,6500,5500,12-Mar-20
2018,Garlic,2500,4500,3500,10-May-22
2019,Garlic,2500,4000,3500,30-Apr-16
2020,Garlic,2000,5000,3500,23-Jun-22
2021,Garlic,7000,14000,11000,03-Jan-24
2022,Garlic,2000,4500,4000,06-Jul-17
2023,Garlic,3500,6500,5000,22-Oct-21
2024,Garlic,800,3000,2000,24-Feb-23
2025,Garlic,7000,15000,11000,22-Jul-24
2026,Garlic,4000,6000,5000,19-May-20
2027,Garlic,5000,13000,10000,11-Apr-24
2028,Garlic,4000,9000,6500,07-Feb-21
2029,Garlic,1000,3000,2500,22-Jan-15
2030,Garlic,3000,5800,4400,04-Apr-23
2031,Garlic,5000,9000,8500,06-Oct-16
2032,Garlic,5000,9000,7000,17-Mar-24
2033,Garlic,1500,4500,3200,27-Jun-15
2034,Garlic,5000,8000,7000,29-Jan-16
2035,Garlic,3600,6800,5200,21-Nov-21
2036,Garlic,7000,14000,12000,07-Oct-23
2037,Garlic,1000,3000,2400,07-Nov-14
2038,Garlic,3000,6000,4500,20-Apr-22
2039,Garlic,3000,6000,5000,19-Jun-19
2040,Garlic,3500,6500,5000,23-Aug-21
2041,Garlic,1500,4000,3000,01-Aug-14
2042,Garlic,4000,6000,5000,12-Oct-15
2043,Garlic,8000,16000,13000,18-Dec-23
2044,Garlic,5000,9000,7000,12-Jan-21
2045,Garlic,1000,2400,2100,09-Jun-18
2046,Garlic,2800,6000,4400,22-Jan-22
2047,Garlic,1000,2000,1500,14-Jun-18
2048,Garlic,1800,4500,3800,10-Sep-14
2049,Garlic,1000,2800,1900,22-Aug-18
2050,Garlic,3600,6500,5200,30-May-20
2051,Garlic,4000,8000,6000,22-Jan-21
2052,Garlic,500,1800,1400,09-Jan-19
2053,Garlic,1500,3000,2500,16-May-14
2054,Garlic,700,2000,1700,30-Sep-18
2055,Garlic,3200,5800,4500,14-Jan-22
2056,Garlic,800,2200,1500,12-Sep-22
2057,Garlic,1500,4000,3600,12-Aug-17
2058,Garlic,15000,28000,22000,15-Feb-24
2059,Garlic,800,3000,1900,17-Dec-22
2060,Garlic,5200,11000,8100,25-Nov-20
2061,Garlic,1000,4000,2500,05-Dec-22
2062,Garlic,3000,5000,4000,08-Feb-15
2063,Garlic,6000,12000,9000,24-Dec-15
2064,Garlic,2800,6000,4400,25-Apr-23
2065,Garlic,4500,11000,7800,20-Mar-24
2066,Garlic,1200,3000,2500,03-Dec-14
2067,Garlic,1500,5000,4500,13-Nov-17
2068,Garlic,1500,4500,3200,10-Mar-15
2069,Garlic,2500,5000,4000,28-Apr-17
2070,Garlic,3000,6500,4750,11-Nov-21
2071,Garlic,3200,6000,4600,23-Dec-21
2072,Garlic,1500,2500,2200,27-Jan-14
2073,Garlic,6000,12000,9000,03-Jan-20
2074,Garlic,6000,15000,12000,16-Apr-24
2075,Garlic,3500,6500,5000,05-Sep-21
2076,Garlic,1500,5000,4500,16-Nov-17
2077,Garlic,4000,7000,6500,27-May-16
2078,Garlic,3000,6000,5200,17-Mar-17
2079,Garlic,1500,4000,2500,20-Oct-14
2080,Garlic,11000,15000,12000,12-Dec-15
2081,Garlic,1000,2400,2200,12-May-18
2082,Garlic,1500,4500,3500,10-Oct-14
2083,Garlic,6000,14000,10000,11-Jun-24
2084,Garlic,1500,4000,3000,07-Apr-15
2085,Garlic,4000,9000,6500,05-Feb-21
2086,Garlic,2500,5000,3800,26-Mar-22
2087,Garlic,10000,12000,10500,16-Dec-15
2088,Garlic,3000,7000,5000,08-Sep-21
2089,Garlic,2000,4500,4000,14-Mar-18
2090,Garlic,1000,2000,1600,28-Mar-14
2091,Garlic,4400,6200,5100,24-Oct-21
2092,Garlic,6500,14500,10500,18-Apr-24
2093,Garlic,2000,4000,3500,29-Apr-16
2094,Garlic,5000,8500,8000,04-Oct-16
2095,Garlic,3000,7000,5000,02-Jul-23
2096,Garlic,5000,11000,8000,24-Nov-20
2097,Garlic,1700,2200,2000,28-Apr-14
2098,Garlic,2000,5000,3800,14-Apr-18
2099,Garlic,6500,13000,10000,13-Jan-24
2100,Garlic,2000,5000,4300,17-May-17
2101,Garlic,3000,8000,5500,12-Jul-19
2102,Garlic,1200,3500,3000,03-Nov-14
2103,Garlic,700,2400,1550,31-Dec-22
2104,Garlic,8500,15000,12500,03-Sep-23
2105,Garlic,800,2000,1400,10-Dec-18
2106,Garlic,1500,4500,4000,27-Sep-14
2107,Garlic,800,2000,1400,22-Aug-22
2108,Garlic,700,1800,1500,02-Jan-19
2109,Garlic,1500,2500,2000,28-Jan-14
2110,Garlic,7500,14000,11200,25-Oct-23
2111,Garlic,1500,2600,2300,21-Jun-14
2112,Garlic,2000,5000,3000,19-Feb-15
2113,Garlic,1500,3500,3000,04-Jul-14
2114,Garlic,2800,6000,4400,21-Apr-22
2115,Garlic,600,2000,1300,14-Dec-18
2116,Garlic,3000,8000,6000,07-Jul-19
2117,Garlic,5000,10000,8000,05-Mar-24
2118,Garlic,6000,13000,9500,12-Jan-20
2119,Garlic,4000,6000,5900,04-Dec-15
2120,Garlic,500,2000,1250,10-Mar-19
2121,Garlic,3000,5500,4500,23-Mar-17
2122,Garlic,1000,3000,2600,13-Jan-15
2123,Garlic,3000,6000,4500,04-Jun-19
2124,Garlic,800,3000,2000,30-Dec-22
2125,Garlic,3000,6500,4800,27-Apr-23
2126,Garlic,7000,15000,11500,30-May-24
2127,Garlic,2800,6000,4400,20-Mar-22
2128,Garlic,3300,4500,3500,19-Aug-14
2129,Garlic,1000,3000,2600,17-Jan-15
2130,Garlic,1500,3000,2300,19-Dec-14
2131,Garlic,8000,16000,12000,28-Aug-23
2132,Garlic,6000,9000,7800,21-Feb-17
2133,Garlic,3000,6000,4600,22-May-19
2134,Garlic,2000,3500,3000,10-Jan-14
2135,Garlic,1500,4000,3600,26-Aug-17
2136,Garlic,4200,6000,5100,04-Jul-20
2137,Garlic,4000,6000,5600,21-Oct-15
2138,Garlic,5000,8500,8000,04-Nov-16
2139,Garlic,6000,9000,7500,20-Feb-17
2140,Garlic,7000,14000,11000,09-Jan-24
2141,Garlic,500,1600,1200,23-Feb-19
2142,Garlic,4000,8000,6000,03-Feb-21
2143,Garlic,500,1800,1200,27-Dec-18
2144,Garlic,4500,9000,7000,02-Jun-16
2145,Garlic,1000,2400,2100,14-May-18
2146,Garlic,700,2000,1700,26-Sep-18
2147,Garlic,4000,10000,8000,11-Feb-20
2148,Garlic,5000,16000,11000,25-Apr-24
2149,Garlic,6000,14000,10500,13-May-24
2150,Garlic,3500,4000,3600,08-Mar-16
2151,Garlic,800,3000,2000,07-Feb-23
2152,Garlic,5000,11000,9500,16-Feb-20
2153,Garlic,1000,2600,2100,27-Feb-14
2154,Garlic,500,2000,1300,12-Feb-19
2155,Garlic,4500,10000,7250,16-Oct-20
2156,Garlic,2400,5200,3800,13-Mar-22
2157,Garlic,2000,5500,3800,21-Jul-15
2158,Garlic,3500,5500,5000,13-Feb-16
2159,Garlic,4000,8000,7500,10-Mar-16
2160,Garlic,2000,5000,3600,18-Apr-18
2161,Garlic,1000,2000,1700,27-Mar-14
2162,Garlic,5000,8000,7000,20-Apr-20
2163,Garlic,1500,3500,3000,10-Jul-14
2164,Garlic,4500,10000,9000,17-Feb-20
2165,Garlic,7500,15000,12000,19-Dec-23
2166,Garlic,5000,12000,10000,07-Feb-20
2167,Garlic,700,2000,1700,09-Oct-18
2168,Garlic,700,2100,1500,17-Nov-18
2169,Garlic,2000,5000,4500,23-Aug-14
2170,Garlic,1500,5500,4500,02-Nov-17
2171,Garlic,6000,12500,9500,15-Jan-20
2172,Garlic,3000,6000,5000,16-Mar-17
2173,Garlic,2200,4200,3200,22-Jul-22
2174,Garlic,2500,5000,4000,13-May-19
2175,Garlic,2000,4800,3400,17-Jun-22
2176,Garlic,2200,5000,3600,07-Jun-22
2177,Garlic,700,3000,1900,27-Dec-22
2178,Garlic,8000,14000,11000,11-Sep-23
2179,Garlic,5000,9000,7000,17-Jan-21
2180,Garlic,500,2000,1400,03-Feb-19
2181,Garlic,14000,27000,21000,19-Feb-24
2182,Garlic,14000,26000,20000,10-Feb-24
2183,Garlic,1500,3000,2600,05-Jun-14
2184,Garlic,3500,5000,4850,10-Apr-16
2185,Garlic,3000,6000,4500,11-Jun-19
2186,Garlic,3600,7500,5550,21-Feb-21
2187,Garlic,3000,7000,5000,02-Jan-21
2188,Garlic,1000,2200,1800,07-Mar-14
2189,Garlic,9000,12000,10000,25-Jan-17
2190,Garlic,6500,14000,11000,04-Nov-23
2191,Garlic,4000,6000,5500,10-Feb-16
2192,Garlic,6000,9000,7500,12-Apr-20
2193,Garlic,1500,3500,3200,09-Jul-14
2194,Garlic,5000,9000,7000,27-Jan-21
2195,Garlic,7000,14000,11000,31-Oct-23
2196,Garlic,5000,8000,6500,19-Jun-16
2197,Garlic,2000,4500,3500,08-Aug-14
2198,Garlic,1600,4500,4000,20-Sep-14
2199,Garlic,5000,8000,7500,19-Aug-16
2200,Garlic,800,2200,1500,05-Jan-23
2201,Garlic,1000,3000,2400,18-Nov-14
2202,Garlic,3000,6000,5500,20-May-16
2203,Garlic,700,2000,1600,16-Oct-18
2204,Garlic,3500,7000,5300,10-Aug-19
2205,Garlic,3000,6000,5000,19-Jun-23
2206,Garlic,4000,10000,7000,11-Dec-20
2207,Garlic,1500,3500,2800,15-Jul-14
2208,Garlic,4000,6000,5200,09-Oct-15
2209,Garlic,1300,4000,3200,24-Sep-17
2210,Garlic,5500,11000,8300,13-Jul-23
2211,Garlic,1000,2600,2100,29-Jul-18
2212,Garlic,500,2000,1300,11-Mar-19
2213,Garlic,1500,3000,2500,13-May-14
2214,Garlic,4000,6000,5500,09-Feb-16
2215,Garlic,2000,5000,3800,15-Jul-15
2216,Garlic,3000,6000,5000,07-Jun-19
2217,Garlic,3000,6000,4500,21-Jan-22
2218,Garlic,700,2600,1650,10-Nov-22
2219,Garlic,2000,5000,4000,14-Jun-17
2220,Garlic,3000,7000,5000,21-Jul-19
2221,Garlic,1200,2200,2100,09-Apr-14
2222,Garlic,2500,5000,4200,14-Apr-17
2223,Garlic,500,2000,1300,13-Mar-19
2224,Garlic,7000,16000,11000,15-Dec-23
2225,Garlic,4000,6500,5500,03-Nov-15
2226,Garlic,5000,8000,7500,29-Jun-16
2227,Garlic,1200,4000,3500,18-Oct-17
2228,Garlic,5500,9500,7500,15-Aug-20
2229,Garlic,800,3200,2000,16-Nov-22
2230,Garlic,5000,8000,6800,24-Jan-16
2231,Garlic,1000,2600,2300,04-Jul-18
2232,Garlic,800,2500,2000,24-Mar-19
2233,Garlic,4500,12500,9000,24-Jun-24
2234,Garlic,4200,6400,5300,12-Jul-20
2235,Garlic,4500,10500,7500,09-Oct-20
2236,Garlic,1500,3500,2800,06-Jul-14
2237,Garlic,1800,4000,2900,03-Feb-23
2238,Garlic,9000,12000,10000,13-Dec-15
2239,Garlic,800,4000,2500,10-Mar-23
2240,Garlic,7000,15000,11000,07-May-24
2241,Garlic,1500,5500,4500,31-Oct-17
2242,Garlic,4000,6500,5300,19-Mar-20
2243,Garlic,7500,14000,12000,02-Oct-23
2244,Garlic,2000,5000,4000,30-Sep-14
2245,Garlic,8000,10000,9000,10-Jan-17
2246,Garlic,3500,6000,4800,11-Jan-22
2247,Garlic,1500,4000,3800,25-Nov-17
2248,Garlic,1200,4000,2600,03-Dec-22
2249,Garlic,4000,6500,5500,28-Oct-15
2250,Garlic,1000,3000,2000,21-Aug-18
2251,Garlic,1000,2400,2200,08-Jun-18
2252,Garlic,6000,14000,10500,14-Jan-24
2253,Garlic,700,2200,1500,26-Nov-18
2254,Garlic,3000,6000,4500,18-Feb-16
2255,Garlic,2000,4500,3000,24-Jan-15
2256,Garlic,3000,6000,4500,03-Feb-22
2257,Garlic,5000,10000,7500,17-Oct-20
2258,Garlic,2800,6000,4400,04-Feb-22
2259,Garlic,16000,26000,22500,02-Feb-24
2260,Garlic,1500,4500,4000,02-Oct-14
2261,Garlic,1600,4000,3200,02-Aug-14
2262,Garlic,1200,3500,2500,11-Dec-14
2263,Garlic,1000,2500,2200,10-May-18
2264,Garlic,3500,7000,5250,19-Feb-21
2265,Garlic,1000,2200,1700,01-Apr-14
2266,Garlic,5000,9000,8500,17-Oct-16
2267,Garlic,8000,10000,9000,11-Jan-17
2268,Garlic,7000,16000,12500,28-Dec-23
2269,Garlic,4000,9000,6500,21-Aug-20
2270,Garlic,2400,4000,3200,24-Jul-22
2271,Garlic,4000,7500,6500,08-Jun-16
2272,Garlic,800,2800,1800,15-Oct-22
2273,Garlic,1400,4500,3800,15-Sep-17
2274,Garlic,3500,8000,6200,23-Jun-16
2275,Garlic,3200,6000,4600,13-Apr-21
2276,Garlic,1000,2200,2000,29-Jun-18
2277,Garlic,5000,13000,10000,23-Jun-24
2278,Garlic,8000,10000,9000,13-Feb-20
2279,Garlic,6000,16000,12000,27-Apr-24
